Name of the script:,Incoming_Test(5_point_Meas)_Bench25,,,,,,,,,,,,,,,,,,,
Start Date:,1/16/2024 16:40,,,,,,,,,,,,,,,,,,,
S/N :,109660701,,,,,,,,,,,,,,,,,,,
Operator Name:,ErikNakov,,,,,,,,,,,,,,,,,,,
DUT Var:,DN5,,,,,,,,,,,,,,,,,,,
Description of this test:,IncommingTest_5-points,,,,,,,,,,,,,,,,,,,
DUT Ref:,DUT1#1_DN7(7-inch),,,,,,,,,,,,,,,,,,,
No.,Date Time, Mode,Humidity, Temperature,Voltage_Ref,Time,Current (A) ,Time, Sence (V),Time,CANStatus,Time,DTC,Time,Reset counter,Cause,Time,Bouton_IN (CAFR or LKA),Bouton_OUT (STT),Dimming
1,1/16/2024 16:44,Wake Mode,30.2,22.8,14,1/16/2024 16:42,0.158973,1/16/2024 16:42,0,1/16/2024 16:42,0,1/16/2024 16:42,921B07 - 954A07 - 900300 - DF0000 - ,1/16/2024 16:42,0,No new reset,1/16/2024 16:42,Inactive,Active,1
2,1/16/2024 16:45,Wake Mode,30.5,23,14,1/16/2024 16:44,0.247487,1/16/2024 16:44,0,1/16/2024 16:42,0,1/16/2024 16:42,921B07 - 954A07 - 900300 - DF0000 - ,1/16/2024 16:42,0,No new reset,1/16/2024 16:42,Inactive,Active,50
3,1/16/2024 16:46,Wake Mode,27.8,22.6,14,1/16/2024 16:45,0.328844,1/16/2024 16:45,0,1/16/2024 16:42,0,1/16/2024 16:42,921B07 - 954A07 - 900300 - DF0000 - ,1/16/2024 16:42,0,No new reset,1/16/2024 16:42,Inactive,Active,100
4,1/16/2024 16:48,Off Mode,22.5,21.8,0,1/16/2024 16:47,0.000047,1/16/2024 16:47,0,1/16/2024 16:47,-1,1/16/2024 16:46,,1/16/2024 16:47,-2,No response,1/16/2024 16:47,Inactive,Active,0
5,1/16/2024 16:50,Off Mode,17.8,20.4,0,1/16/2024 16:49,0.000044,1/16/2024 16:49,0,1/16/2024 16:49,-1,1/16/2024 16:48,,1/16/2024 16:48,-2,No response,1/16/2024 16:49,Inactive,Active,0
6,1/16/2024 16:52,Off Mode,14.9,17.9,0,1/16/2024 16:51,0.000043,1/16/2024 16:51,0,1/16/2024 16:50,-1,1/16/2024 16:50,,1/16/2024 16:50,-2,No response,1/16/2024 16:50,Inactive,Active,0
7,1/16/2024 16:54,Off Mode,13.5,14.9,0,1/16/2024 16:52,0.000048,1/16/2024 16:52,0,1/16/2024 16:52,-1,1/16/2024 16:52,,1/16/2024 16:52,-2,No response,1/16/2024 16:52,Inactive,Active,0
8,1/16/2024 16:55,Off Mode,12.5,11.5,0,1/16/2024 16:54,0.000047,1/16/2024 16:54,0,1/16/2024 16:54,-1,1/16/2024 16:54,,1/16/2024 16:54,-2,No response,1/16/2024 16:54,Inactive,Active,0
9,1/16/2024 16:57,Off Mode,12,8.4,0,1/16/2024 16:56,0.000047,1/16/2024 16:56,0,1/16/2024 16:55,-1,1/16/2024 16:55,,1/16/2024 16:55,-2,No response,1/16/2024 16:56,Inactive,Active,0
10,1/16/2024 16:59,Off Mode,11.8,5,0,1/16/2024 16:57,0.000047,1/16/2024 16:57,0,1/16/2024 16:57,-1,1/16/2024 16:57,,1/16/2024 16:57,-2,No response,1/16/2024 16:57,Inactive,Active,0
11,1/16/2024 17:00,Off Mode,12,1.6,0,1/16/2024 16:59,0.000045,1/16/2024 16:59,0,1/16/2024 16:59,-1,1/16/2024 16:59,,1/16/2024 16:59,-2,No response,1/16/2024 16:59,Inactive,Active,0
12,1/16/2024 17:02,Off Mode,12.2,-1.7,0,1/16/2024 17:01,0.000043,1/16/2024 17:01,0,1/16/2024 17:01,-1,1/16/2024 17:01,,1/16/2024 17:01,-2,No response,1/16/2024 17:01,Inactive,Active,0
13,1/16/2024 17:04,Off Mode,12.5,-5,0,1/16/2024 17:03,0.000047,1/16/2024 17:03,0,1/16/2024 17:02,-1,1/16/2024 17:02,,1/16/2024 17:02,-2,No response,1/16/2024 17:02,Inactive,Active,0
14,1/16/2024 17:06,Off Mode,12.8,-8.3,0,1/16/2024 17:04,0.000046,1/16/2024 17:04,0,1/16/2024 17:04,-1,1/16/2024 17:04,,1/16/2024 17:04,-2,No response,1/16/2024 17:04,Inactive,Active,0
15,1/16/2024 17:07,Off Mode,13.1,-11.6,0,1/16/2024 17:06,0.000042,1/16/2024 17:06,0,1/16/2024 17:06,-1,1/16/2024 17:06,,1/16/2024 17:06,-2,No response,1/16/2024 17:06,Inactive,Active,0
16,1/16/2024 17:09,Off Mode,13.2,-15.1,0,1/16/2024 17:08,0.000046,1/16/2024 17:08,0,1/16/2024 17:07,-1,1/16/2024 17:07,,1/16/2024 17:07,-2,No response,1/16/2024 17:08,Inactive,Active,0
17,1/16/2024 17:11,Off Mode,13.3,-18.4,0,1/16/2024 17:09,0.000043,1/16/2024 17:09,0,1/16/2024 17:09,-1,1/16/2024 17:09,,1/16/2024 17:09,-2,No response,1/16/2024 17:09,Inactive,Active,0
18,1/16/2024 17:12,Off Mode,13.5,-21.8,0,1/16/2024 17:11,0.000042,1/16/2024 17:11,0,1/16/2024 17:11,-1,1/16/2024 17:11,,1/16/2024 17:11,-2,No response,1/16/2024 17:11,Inactive,Active,0
19,1/16/2024 17:14,Off Mode,13.7,-25.3,0,1/16/2024 17:13,0.000046,1/16/2024 17:13,0,1/16/2024 17:13,-1,1/16/2024 17:13,,1/16/2024 17:13,-2,No response,1/16/2024 17:13,Inactive,Active,0
20,1/16/2024 17:16,Off Mode,14.1,-28.6,0,1/16/2024 17:15,0.000044,1/16/2024 17:15,0,1/16/2024 17:14,-1,1/16/2024 17:14,,1/16/2024 17:14,-2,No response,1/16/2024 17:14,Inactive,Active,0
21,1/16/2024 17:18,Off Mode,14.8,-32.1,0,1/16/2024 17:16,0.000048,1/16/2024 17:16,0,1/16/2024 17:16,-1,1/16/2024 17:16,,1/16/2024 17:16,-2,No response,1/16/2024 17:16,Inactive,Active,0
22,1/16/2024 17:19,Off Mode,15.8,-35.3,0,1/16/2024 17:18,0.000046,1/16/2024 17:18,0,1/16/2024 17:18,-1,1/16/2024 17:18,,1/16/2024 17:18,-2,No response,1/16/2024 17:18,Inactive,Active,0
23,1/16/2024 17:21,Off Mode,17.7,-37.3,0,1/16/2024 17:20,0.000044,1/16/2024 17:20,0,1/16/2024 17:19,-1,1/16/2024 17:19,,1/16/2024 17:19,-2,No response,1/16/2024 17:20,Inactive,Active,0
24,1/16/2024 17:23,Off Mode,19.6,-38.7,0,1/16/2024 17:21,0.000047,1/16/2024 17:21,0,1/16/2024 17:21,-1,1/16/2024 17:21,,1/16/2024 17:21,-2,No response,1/16/2024 17:21,Inactive,Active,0
25,1/16/2024 17:24,Off Mode,21.6,-39.7,0,1/16/2024 17:23,0.000043,1/16/2024 17:23,0,1/16/2024 17:23,-1,1/16/2024 17:23,,1/16/2024 17:23,-2,No response,1/16/2024 17:23,Inactive,Active,0
26,1/16/2024 17:26,Off Mode,23.8,-40.3,0,1/16/2024 17:25,0.000047,1/16/2024 17:25,0,1/16/2024 17:25,-1,1/16/2024 17:25,,1/16/2024 17:25,-2,No response,1/16/2024 17:25,Inactive,Active,0
27,1/16/2024 17:28,Off Mode,26.1,-40.4,0,1/16/2024 17:27,0.000048,1/16/2024 17:27,0,1/16/2024 17:26,-1,1/16/2024 17:26,,1/16/2024 17:26,-2,No response,1/16/2024 17:27,Inactive,Active,0
28,1/16/2024 17:30,Off Mode,28.4,-40.5,0,1/16/2024 17:28,0.00005,1/16/2024 17:28,0,1/16/2024 17:28,-1,1/16/2024 17:28,,1/16/2024 17:28,-2,No response,1/16/2024 17:28,Inactive,Active,0
29,1/16/2024 17:31,Off Mode,30.7,-40.5,0,1/16/2024 17:30,0.00005,1/16/2024 17:30,0,1/16/2024 17:30,-1,1/16/2024 17:30,,1/16/2024 17:30,-2,No response,1/16/2024 17:30,Inactive,Active,0
30,1/16/2024 17:33,Off Mode,32.6,-40.5,0,1/16/2024 17:32,0.000052,1/16/2024 17:32,0,1/16/2024 17:31,-1,1/16/2024 17:31,,1/16/2024 17:31,-2,No response,1/16/2024 17:32,Inactive,Active,0
31,1/16/2024 17:35,Off Mode,34.4,-40.9,0,1/16/2024 17:34,0.000053,1/16/2024 17:34,0,1/16/2024 17:33,-1,1/16/2024 17:33,,1/16/2024 17:33,-2,No response,1/16/2024 17:33,Inactive,Active,0
32,1/16/2024 17:36,Off Mode,36.2,-41,0,1/16/2024 17:35,0.000042,1/16/2024 17:35,0,1/16/2024 17:35,-1,1/16/2024 17:35,,1/16/2024 17:35,-2,No response,1/16/2024 17:35,Inactive,Active,0
33,1/16/2024 17:38,Off Mode,38.1,-41.1,0,1/16/2024 17:37,0.000046,1/16/2024 17:37,0,1/16/2024 17:37,-1,1/16/2024 17:37,,1/16/2024 17:37,-2,No response,1/16/2024 17:37,Inactive,Active,0
34,1/16/2024 17:40,Off Mode,39.8,-41.1,0,1/16/2024 17:39,0.000049,1/16/2024 17:39,0,1/16/2024 17:38,-1,1/16/2024 17:38,,1/16/2024 17:38,-2,No response,1/16/2024 17:39,Inactive,Active,0
35,1/16/2024 17:42,Off Mode,41.4,-41,0,1/16/2024 17:40,0.000045,1/16/2024 17:40,0,1/16/2024 17:40,-1,1/16/2024 17:40,,1/16/2024 17:40,-2,No response,1/16/2024 17:40,Inactive,Active,0
36,1/16/2024 17:43,Off Mode,42.6,-41.1,0,1/16/2024 17:42,0.000045,1/16/2024 17:42,0,1/16/2024 17:42,-1,1/16/2024 17:42,,1/16/2024 17:42,-2,No response,1/16/2024 17:42,Inactive,Active,0
37,1/16/2024 17:45,Off Mode,43.8,-41.1,0,1/16/2024 17:44,0.000042,1/16/2024 17:44,0,1/16/2024 17:43,-1,1/16/2024 17:43,,1/16/2024 17:43,-2,No response,1/16/2024 17:44,Inactive,Active,0
38,1/16/2024 17:47,Off Mode,44.8,-41.1,0,1/16/2024 17:45,0.000045,1/16/2024 17:45,0,1/16/2024 17:45,-1,1/16/2024 17:45,,1/16/2024 17:45,-2,No response,1/16/2024 17:45,Inactive,Active,0
39,1/16/2024 17:48,Off Mode,45.7,-41.1,0,1/16/2024 17:47,0.000047,1/16/2024 17:47,0,1/16/2024 17:47,-1,1/16/2024 17:47,,1/16/2024 17:47,-2,No response,1/16/2024 17:47,Inactive,Active,0
40,1/16/2024 17:50,Off Mode,46.6,-41,0,1/16/2024 17:49,0.000046,1/16/2024 17:49,0,1/16/2024 17:49,-1,1/16/2024 17:49,,1/16/2024 17:49,-2,No response,1/16/2024 17:49,Inactive,Active,0
41,1/16/2024 17:52,Off Mode,47.3,-41,0,1/16/2024 17:51,0.000046,1/16/2024 17:51,0,1/16/2024 17:50,-1,1/16/2024 17:50,,1/16/2024 17:50,-2,No response,1/16/2024 17:51,Inactive,Active,0
42,1/16/2024 17:54,Off Mode,47.8,-41.1,0,1/16/2024 17:52,0.000045,1/16/2024 17:52,0,1/16/2024 17:52,-1,1/16/2024 17:52,,1/16/2024 17:52,-2,No response,1/16/2024 17:52,Inactive,Active,0
43,1/16/2024 17:55,Off Mode,48.3,-41,0,1/16/2024 17:54,0.000051,1/16/2024 17:54,0,1/16/2024 17:54,-1,1/16/2024 17:54,,1/16/2024 17:54,-2,No response,1/16/2024 17:54,Inactive,Active,0
44,1/16/2024 17:57,Off Mode,48.8,-41,0,1/16/2024 17:56,0.000046,1/16/2024 17:56,0,1/16/2024 17:55,-1,1/16/2024 17:55,,1/16/2024 17:55,-2,No response,1/16/2024 17:56,Inactive,Active,0
45,1/16/2024 17:59,Off Mode,49.2,-41,0,1/16/2024 17:58,0.000041,1/16/2024 17:58,0,1/16/2024 17:57,-1,1/16/2024 17:57,,1/16/2024 17:57,-2,No response,1/16/2024 17:57,Inactive,Active,0
46,1/16/2024 18:00,Off Mode,49.6,-41,0,1/16/2024 17:59,0.000052,1/16/2024 17:59,0,1/16/2024 17:59,-1,1/16/2024 17:59,,1/16/2024 17:59,-2,No response,1/16/2024 17:59,Inactive,Active,0
47,1/16/2024 18:02,Off Mode,49.9,-41,0,1/16/2024 18:01,0.00005,1/16/2024 18:01,0,1/16/2024 18:01,-1,1/16/2024 18:01,,1/16/2024 18:01,-2,No response,1/16/2024 18:01,Inactive,Active,0
48,1/16/2024 18:04,Off Mode,50.2,-41,0,1/16/2024 18:03,0.000049,1/16/2024 18:03,0,1/16/2024 18:02,-1,1/16/2024 18:02,,1/16/2024 18:02,-2,No response,1/16/2024 18:03,Inactive,Active,0
49,1/16/2024 18:06,Off Mode,50.4,-41,0,1/16/2024 18:04,0.000048,1/16/2024 18:04,0,1/16/2024 18:04,-1,1/16/2024 18:04,,1/16/2024 18:04,-2,No response,1/16/2024 18:04,Inactive,Active,0
50,1/16/2024 18:07,Off Mode,50.7,-41,0,1/16/2024 18:06,0.000044,1/16/2024 18:06,0,1/16/2024 18:06,-1,1/16/2024 18:06,,1/16/2024 18:06,-2,No response,1/16/2024 18:06,Inactive,Active,0
51,1/16/2024 18:09,Off Mode,50.8,-41,0,1/16/2024 18:08,0.000045,1/16/2024 18:08,0,1/16/2024 18:08,-1,1/16/2024 18:07,,1/16/2024 18:07,-2,No response,1/16/2024 18:08,Inactive,Active,0
52,1/16/2024 18:11,Wake Mode,51,-41,8,1/16/2024 18:10,0.179003,1/16/2024 18:10,0,1/16/2024 18:10,0,1/16/2024 18:09,921B07 - 954A07 - 900300 - DF0000 - ,1/16/2024 18:09,0,Default Value,1/16/2024 18:10,Inactive,Active,1
53,1/16/2024 18:12,Wake Mode,51.3,-40.9,8,1/16/2024 18:11,0.34569,1/16/2024 18:11,0,1/16/2024 18:10,0,1/16/2024 18:09,921B07 - 954A07 - 900300 - DF0000 - ,1/16/2024 18:09,0,Default Value,1/16/2024 18:10,Inactive,Active,50
54,1/16/2024 18:14,Wake Mode,51.3,-40.9,8,1/16/2024 18:12,0.514636,1/16/2024 18:12,0,1/16/2024 18:10,0,1/16/2024 18:09,921B07 - 954A07 - 900300 - DF0000 - ,1/16/2024 18:09,0,Default Value,1/16/2024 18:10,Inactive,Active,100
55,1/16/2024 18:16,Off Mode,51.4,-40.9,0,1/16/2024 18:15,0.000049,1/16/2024 18:15,0,1/16/2024 18:14,-1,1/16/2024 18:14,,1/16/2024 18:14,-2,No response,1/16/2024 18:14,Inactive,Active,0
56,1/16/2024 18:18,Wake Mode,51.5,-40.9,16,1/16/2024 18:16,0.151934,1/16/2024 18:16,0,1/16/2024 18:16,0,1/16/2024 18:16,921B07 - 954A07 - 900300 - DF0000 - ,1/16/2024 18:16,0,Default Value,1/16/2024 18:16,Inactive,Active,1
57,1/16/2024 18:19,Wake Mode,51.6,-40.8,16,1/16/2024 18:18,0.230387,1/16/2024 18:18,0,1/16/2024 18:16,0,1/16/2024 18:16,921B07 - 954A07 - 900300 - DF0000 - ,1/16/2024 18:16,0,Default Value,1/16/2024 18:16,Inactive,Active,50
58,1/16/2024 18:20,Wake Mode,51.5,-40.8,16,1/16/2024 18:19,0.299912,1/16/2024 18:19,0,1/16/2024 18:16,0,1/16/2024 18:16,921B07 - 954A07 - 900300 - DF0000 - ,1/16/2024 18:16,0,Default Value,1/16/2024 18:16,Inactive,Active,100
59,1/16/2024 18:22,Off Mode,51.5,-40.8,0,1/16/2024 18:21,0.000045,1/16/2024 18:21,0,1/16/2024 18:21,-1,1/16/2024 18:21,,1/16/2024 18:21,-2,No response,1/16/2024 18:21,Inactive,Active,0
60,1/16/2024 18:24,Off Mode,53.9,-39.6,0,1/16/2024 18:23,0.000042,1/16/2024 18:23,0,1/16/2024 18:23,-1,1/16/2024 18:23,,1/16/2024 18:23,-2,No response,1/16/2024 18:23,Inactive,Active,0
61,1/16/2024 18:26,Off Mode,59,-36.9,0,1/16/2024 18:25,0.000044,1/16/2024 18:25,0,1/16/2024 18:24,-1,1/16/2024 18:24,,1/16/2024 18:24,-2,No response,1/16/2024 18:25,Inactive,Active,0
62,1/16/2024 18:28,Off Mode,65.4,-33.7,0,1/16/2024 18:26,0.000047,1/16/2024 18:26,0,1/16/2024 18:26,-1,1/16/2024 18:26,,1/16/2024 18:26,-2,No response,1/16/2024 18:26,Inactive,Active,0
63,1/16/2024 18:29,Off Mode,71.5,-30.4,0,1/16/2024 18:28,0.000045,1/16/2024 18:28,0,1/16/2024 18:28,-1,1/16/2024 18:28,,1/16/2024 18:28,-2,No response,1/16/2024 18:28,Inactive,Active,0
64,1/16/2024 18:31,Off Mode,76.4,-27.1,0,1/16/2024 18:30,0.000042,1/16/2024 18:30,0,1/16/2024 18:29,-1,1/16/2024 18:29,,1/16/2024 18:29,-2,No response,1/16/2024 18:30,Inactive,Active,0
65,1/16/2024 18:33,Off Mode,79.3,-23.7,0,1/16/2024 18:31,0.000042,1/16/2024 18:31,0,1/16/2024 18:31,-1,1/16/2024 18:31,,1/16/2024 18:31,-2,No response,1/16/2024 18:31,Inactive,Active,0
66,1/16/2024 18:34,Off Mode,80.3,-20.4,0,1/16/2024 18:33,0.000048,1/16/2024 18:33,0,1/16/2024 18:33,-1,1/16/2024 18:33,,1/16/2024 18:33,-2,No response,1/16/2024 18:33,Inactive,Active,0
67,1/16/2024 18:36,Off Mode,80.4,-17.1,0,1/16/2024 18:35,0.000045,1/16/2024 18:35,0,1/16/2024 18:34,-1,1/16/2024 18:34,,1/16/2024 18:34,-2,No response,1/16/2024 18:35,Inactive,Active,0
68,1/16/2024 18:38,Off Mode,77.1,-13.8,0,1/16/2024 18:36,0.000046,1/16/2024 18:36,0,1/16/2024 18:36,-1,1/16/2024 18:36,,1/16/2024 18:36,-2,No response,1/16/2024 18:36,Inactive,Active,0
69,1/16/2024 18:39,Off Mode,72.3,-10.5,0,1/16/2024 18:38,0.000045,1/16/2024 18:38,0,1/16/2024 18:38,-1,1/16/2024 18:38,,1/16/2024 18:38,-2,No response,1/16/2024 18:38,Inactive,Active,0
70,1/16/2024 18:41,Off Mode,68.7,-7.2,0,1/16/2024 18:40,0.00004,1/16/2024 18:40,0,1/16/2024 18:40,-1,1/16/2024 18:39,,1/16/2024 18:39,-2,No response,1/16/2024 18:40,Inactive,Active,0
71,1/16/2024 18:43,Off Mode,66.3,-3.9,0,1/16/2024 18:42,0.000046,1/16/2024 18:42,0,1/16/2024 18:41,-1,1/16/2024 18:41,,1/16/2024 18:41,-2,No response,1/16/2024 18:41,Inactive,Active,0
72,1/16/2024 18:44,Off Mode,64.9,-0.6,0,1/16/2024 18:43,0.000045,1/16/2024 18:43,0,1/16/2024 18:43,-1,1/16/2024 18:43,,1/16/2024 18:43,-2,No response,1/16/2024 18:43,Inactive,Active,0
73,1/16/2024 18:46,Off Mode,62.8,2.8,0,1/16/2024 18:45,0.000046,1/16/2024 18:45,0,1/16/2024 18:45,-1,1/16/2024 18:45,,1/16/2024 18:45,-2,No response,1/16/2024 18:45,Inactive,Active,0
74,1/16/2024 18:48,Off Mode,60.3,6.1,0,1/16/2024 18:47,0.000045,1/16/2024 18:47,0,1/16/2024 18:46,-1,1/16/2024 18:46,,1/16/2024 18:46,-2,No response,1/16/2024 18:46,Inactive,Active,0
75,1/16/2024 18:50,Off Mode,57.3,9.4,0,1/16/2024 18:48,0.000044,1/16/2024 18:48,0,1/16/2024 18:48,-1,1/16/2024 18:48,,1/16/2024 18:48,-2,No response,1/16/2024 18:48,Inactive,Active,0
76,1/16/2024 18:51,Off Mode,54.7,12.7,0,1/16/2024 18:50,0.000047,1/16/2024 18:50,0,1/16/2024 18:50,-1,1/16/2024 18:50,,1/16/2024 18:50,-2,No response,1/16/2024 18:50,Inactive,Active,0
77,1/16/2024 18:53,Off Mode,52.6,16.1,0,1/16/2024 18:52,0.000049,1/16/2024 18:52,0,1/16/2024 18:51,-1,1/16/2024 18:51,,1/16/2024 18:51,-2,No response,1/16/2024 18:52,Inactive,Active,0
78,1/16/2024 18:55,Off Mode,52.2,18.7,0,1/16/2024 18:53,0.000045,1/16/2024 18:53,0,1/16/2024 18:53,-1,1/16/2024 18:53,,1/16/2024 18:53,-2,No response,1/16/2024 18:53,Inactive,Active,0
79,1/16/2024 18:56,Off Mode,53.9,20,0,1/16/2024 18:55,0.000045,1/16/2024 18:55,0,1/16/2024 18:55,-1,1/16/2024 18:55,,1/16/2024 18:55,-2,No response,1/16/2024 18:55,Inactive,Active,0
80,1/16/2024 18:58,Off Mode,56.5,20.8,0,1/16/2024 18:57,0.000045,1/16/2024 18:57,0,1/16/2024 18:56,-1,1/16/2024 18:56,,1/16/2024 18:56,-2,No response,1/16/2024 18:57,Inactive,Active,0
81,1/16/2024 19:00,Off Mode,58.9,21.3,0,1/16/2024 18:58,0.000046,1/16/2024 18:58,0,1/16/2024 18:58,-1,1/16/2024 18:58,,1/16/2024 18:58,-2,No response,1/16/2024 18:58,Inactive,Active,0
82,1/16/2024 19:01,Off Mode,61.2,21.6,0,1/16/2024 19:00,0.000048,1/16/2024 19:00,0,1/16/2024 19:00,-1,1/16/2024 19:00,,1/16/2024 19:00,-2,No response,1/16/2024 19:00,Inactive,Active,0
83,1/16/2024 19:03,Off Mode,63.6,21.8,0,1/16/2024 19:02,0.000042,1/16/2024 19:02,0,1/16/2024 19:02,-1,1/16/2024 19:01,,1/16/2024 19:01,-2,No response,1/16/2024 19:02,Inactive,Active,0
84,1/16/2024 19:05,Off Mode,65.5,21.9,0,1/16/2024 19:03,0.000045,1/16/2024 19:03,0,1/16/2024 19:03,-1,1/16/2024 19:03,,1/16/2024 19:03,-2,No response,1/16/2024 19:03,Inactive,Active,0
85,1/16/2024 19:06,Off Mode,67,22.1,0,1/16/2024 19:05,0.000045,1/16/2024 19:05,0,1/16/2024 19:05,-1,1/16/2024 19:05,,1/16/2024 19:05,-2,No response,1/16/2024 19:05,Inactive,Active,0
86,1/16/2024 19:08,Off Mode,68.5,22.1,0,1/16/2024 19:07,0.000045,1/16/2024 19:07,0,1/16/2024 19:07,-1,1/16/2024 19:07,,1/16/2024 19:07,-2,No response,1/16/2024 19:07,Inactive,Active,0
87,1/16/2024 19:10,Off Mode,70,22,0,1/16/2024 19:09,0.000041,1/16/2024 19:09,0,1/16/2024 19:08,-1,1/16/2024 19:08,,1/16/2024 19:08,-2,No response,1/16/2024 19:08,Inactive,Active,0
88,1/16/2024 19:11,Off Mode,71,22.1,0,1/16/2024 19:10,0.000045,1/16/2024 19:10,0,1/16/2024 19:10,-1,1/16/2024 19:10,,1/16/2024 19:10,-2,No response,1/16/2024 19:10,Inactive,Active,0
89,1/16/2024 19:13,Off Mode,71.6,22.1,0,1/16/2024 19:12,0.000046,1/16/2024 19:12,0,1/16/2024 19:12,-1,1/16/2024 19:12,,1/16/2024 19:12,-2,No response,1/16/2024 19:12,Inactive,Active,0
90,1/16/2024 19:15,Off Mode,72.2,22.2,0,1/16/2024 19:14,0.000045,1/16/2024 19:14,0,1/16/2024 19:13,-1,1/16/2024 19:13,,1/16/2024 19:13,-2,No response,1/16/2024 19:14,Inactive,Active,0
91,1/16/2024 19:17,Off Mode,72.7,22.2,0,1/16/2024 19:15,0.000046,1/16/2024 19:15,0,1/16/2024 19:15,-1,1/16/2024 19:15,,1/16/2024 19:15,-2,No response,1/16/2024 19:15,Inactive,Active,0
92,1/16/2024 19:18,Off Mode,73.2,22.3,0,1/16/2024 19:17,0.000044,1/16/2024 19:17,0,1/16/2024 19:17,-1,1/16/2024 19:17,,1/16/2024 19:17,-2,No response,1/16/2024 19:17,Inactive,Active,0
93,1/16/2024 19:20,Off Mode,73.6,22.3,0,1/16/2024 19:19,0.000044,1/16/2024 19:19,0,1/16/2024 19:18,-1,1/16/2024 19:18,,1/16/2024 19:18,-2,No response,1/16/2024 19:19,Inactive,Active,0
94,1/16/2024 19:22,Off Mode,73.7,22.4,0,1/16/2024 19:20,0.000042,1/16/2024 19:20,0,1/16/2024 19:20,-1,1/16/2024 19:20,,1/16/2024 19:20,-2,No response,1/16/2024 19:20,Inactive,Active,0
95,1/16/2024 19:23,Off Mode,73.8,22.4,0,1/16/2024 19:22,0.000046,1/16/2024 19:22,0,1/16/2024 19:22,-1,1/16/2024 19:22,,1/16/2024 19:22,-2,No response,1/16/2024 19:22,Inactive,Active,0
96,1/16/2024 19:25,Off Mode,73.7,22.5,0,1/16/2024 19:24,0.000044,1/16/2024 19:24,0,1/16/2024 19:24,-1,1/16/2024 19:23,,1/16/2024 19:23,-2,No response,1/16/2024 19:24,Inactive,Active,0
97,1/16/2024 19:27,Off Mode,74,22.4,0,1/16/2024 19:25,0.000044,1/16/2024 19:25,0,1/16/2024 19:25,-1,1/16/2024 19:25,,1/16/2024 19:25,-2,No response,1/16/2024 19:25,Inactive,Active,0
98,1/16/2024 19:28,Off Mode,74.2,22.4,0,1/16/2024 19:27,0.000044,1/16/2024 19:27,0,1/16/2024 19:27,-1,1/16/2024 19:27,,1/16/2024 19:27,-2,No response,1/16/2024 19:27,Inactive,Active,0
99,1/16/2024 19:30,Wake Mode,72.7,22.4,14,1/16/2024 19:29,0.162221,1/16/2024 19:29,0,1/16/2024 19:29,0,1/16/2024 19:29,921B07 - 954A07 - 900300 - DF0000 - ,1/16/2024 19:29,0,Default Value,1/16/2024 19:29,Inactive,Active,1
100,1/16/2024 19:32,Wake Mode,69.5,22.3,14,1/16/2024 19:30,0.246988,1/16/2024 19:30,0,1/16/2024 19:29,0,1/16/2024 19:29,921B07 - 954A07 - 900300 - DF0000 - ,1/16/2024 19:29,0,Default Value,1/16/2024 19:29,Inactive,Active,50
101,1/16/2024 19:33,Wake Mode,67.3,22.3,14,1/16/2024 19:32,0.328872,1/16/2024 19:32,0,1/16/2024 19:29,0,1/16/2024 19:29,921B07 - 954A07 - 900300 - DF0000 - ,1/16/2024 19:29,0,Default Value,1/16/2024 19:29,Inactive,Active,100
102,1/16/2024 19:35,Off Mode,64.3,22.4,0,1/16/2024 19:34,0.000044,1/16/2024 19:34,0,1/16/2024 19:34,-1,1/16/2024 19:33,,1/16/2024 19:34,-2,No response,1/16/2024 19:34,Inactive,Active,0
103,1/16/2024 19:37,Off Mode,59.9,23.7,0,1/16/2024 19:36,0.00005,1/16/2024 19:36,0,1/16/2024 19:35,-1,1/16/2024 19:35,,1/16/2024 19:35,-2,No response,1/16/2024 19:35,Inactive,Active,0
104,1/16/2024 19:39,Off Mode,54.4,26,0,1/16/2024 19:37,0.000046,1/16/2024 19:37,0,1/16/2024 19:37,-1,1/16/2024 19:37,,1/16/2024 19:37,-2,No response,1/16/2024 19:37,Inactive,Active,0
105,1/16/2024 19:40,Off Mode,48.8,28.8,0,1/16/2024 19:39,0.000044,1/16/2024 19:39,0,1/16/2024 19:39,-1,1/16/2024 19:39,,1/16/2024 19:39,-2,No response,1/16/2024 19:39,Inactive,Active,0
106,1/16/2024 19:42,Off Mode,43.3,31.7,0,1/16/2024 19:41,0.000046,1/16/2024 19:41,0,1/16/2024 19:40,-1,1/16/2024 19:40,,1/16/2024 19:40,-2,No response,1/16/2024 19:41,Inactive,Active,0
107,1/16/2024 19:44,Off Mode,38.4,34.9,0,1/16/2024 19:42,0.000046,1/16/2024 19:42,0,1/16/2024 19:42,-1,1/16/2024 19:42,,1/16/2024 19:42,-2,No response,1/16/2024 19:42,Inactive,Active,0
108,1/16/2024 19:45,Off Mode,33.9,38.1,0,1/16/2024 19:44,0.000044,1/16/2024 19:44,0,1/16/2024 19:44,-1,1/16/2024 19:44,,1/16/2024 19:44,-2,No response,1/16/2024 19:44,Inactive,Active,0
109,1/16/2024 19:47,Off Mode,29.7,41.2,0,1/16/2024 19:46,0.000045,1/16/2024 19:46,0,1/16/2024 19:46,-1,1/16/2024 19:46,,1/16/2024 19:46,-2,No response,1/16/2024 19:46,Inactive,Active,0
110,1/16/2024 19:49,Off Mode,25.9,44.5,0,1/16/2024 19:48,0.000043,1/16/2024 19:48,0,1/16/2024 19:47,-1,1/16/2024 19:47,,1/16/2024 19:47,-2,No response,1/16/2024 19:47,Inactive,Active,0
111,1/16/2024 19:51,Off Mode,22.6,47.7,0,1/16/2024 19:49,0.000043,1/16/2024 19:49,0,1/16/2024 19:49,-1,1/16/2024 19:49,,1/16/2024 19:49,-2,No response,1/16/2024 19:49,Inactive,Active,0
112,1/16/2024 19:52,Off Mode,19.8,50.9,0,1/16/2024 19:51,0.000042,1/16/2024 19:51,0,1/16/2024 19:51,-1,1/16/2024 19:51,,1/16/2024 19:51,-2,No response,1/16/2024 19:51,Inactive,Active,0
113,1/16/2024 19:54,Off Mode,17.4,54.2,0,1/16/2024 19:53,0.000043,1/16/2024 19:53,0,1/16/2024 19:52,-1,1/16/2024 19:52,,1/16/2024 19:52,-2,No response,1/16/2024 19:53,Inactive,Active,0
114,1/16/2024 19:56,Off Mode,15.4,57.4,0,1/16/2024 19:54,0.000043,1/16/2024 19:54,0,1/16/2024 19:54,-1,1/16/2024 19:54,,1/16/2024 19:54,-2,No response,1/16/2024 19:54,Inactive,Active,0
115,1/16/2024 19:57,Off Mode,13.7,60.8,0,1/16/2024 19:56,0.000042,1/16/2024 19:56,0,1/16/2024 19:56,-1,1/16/2024 19:56,,1/16/2024 19:56,-2,No response,1/16/2024 19:56,Inactive,Active,0
116,1/16/2024 19:59,Off Mode,12.1,64.1,0,1/16/2024 19:58,0.000046,1/16/2024 19:58,0,1/16/2024 19:58,-1,1/16/2024 19:58,,1/16/2024 19:58,-2,No response,1/16/2024 19:58,Inactive,Active,0
117,1/16/2024 20:01,Off Mode,10.8,67.4,0,1/16/2024 20:00,0.000045,1/16/2024 20:00,0,1/16/2024 19:59,-1,1/16/2024 19:59,,1/16/2024 19:59,-2,No response,1/16/2024 20:00,Inactive,Active,0
118,1/16/2024 20:03,Off Mode,9.7,70.7,0,1/16/2024 20:01,0.000041,1/16/2024 20:01,0,1/16/2024 20:01,-1,1/16/2024 20:01,,1/16/2024 20:01,-2,No response,1/16/2024 20:01,Inactive,Active,0
119,1/16/2024 20:04,Off Mode,9,74,0,1/16/2024 20:03,0.000047,1/16/2024 20:03,0,1/16/2024 20:03,-1,1/16/2024 20:03,,1/16/2024 20:03,-2,No response,1/16/2024 20:03,Inactive,Active,0
120,1/16/2024 20:06,Off Mode,8.3,77.2,0,1/16/2024 20:05,0.000048,1/16/2024 20:05,0,1/16/2024 20:04,-1,1/16/2024 20:04,,1/16/2024 20:04,-2,No response,1/16/2024 20:05,Inactive,Active,0
121,1/16/2024 20:08,Off Mode,8,79.4,0,1/16/2024 20:06,0.000046,1/16/2024 20:06,0,1/16/2024 20:06,-1,1/16/2024 20:06,,1/16/2024 20:06,-2,No response,1/16/2024 20:06,Inactive,Active,0
122,1/16/2024 20:09,Off Mode,7.8,80.7,0,1/16/2024 20:08,0.000046,1/16/2024 20:08,0,1/16/2024 20:08,-1,1/16/2024 20:08,,1/16/2024 20:08,-2,No response,1/16/2024 20:08,Inactive,Active,0
123,1/16/2024 20:11,Off Mode,7.7,81.4,0,1/16/2024 20:10,0.000042,1/16/2024 20:10,0,1/16/2024 20:10,-1,1/16/2024 20:10,,1/16/2024 20:10,-2,No response,1/16/2024 20:10,Inactive,Active,0
124,1/16/2024 20:13,Off Mode,7.5,82,0,1/16/2024 20:12,0.000045,1/16/2024 20:12,0,1/16/2024 20:11,-1,1/16/2024 20:11,,1/16/2024 20:11,-2,No response,1/16/2024 20:12,Inactive,Active,0
125,1/16/2024 20:15,Off Mode,7.4,82.3,0,1/16/2024 20:13,0.000043,1/16/2024 20:13,0,1/16/2024 20:13,-1,1/16/2024 20:13,,1/16/2024 20:13,-2,No response,1/16/2024 20:13,Inactive,Active,0
126,1/16/2024 20:16,Off Mode,7.3,82.6,0,1/16/2024 20:15,0.000046,1/16/2024 20:15,0,1/16/2024 20:15,-1,1/16/2024 20:15,,1/16/2024 20:15,-2,No response,1/16/2024 20:15,Inactive,Active,0
127,1/16/2024 20:18,Off Mode,7.2,82.8,0,1/16/2024 20:17,0.000043,1/16/2024 20:17,0,1/16/2024 20:16,-1,1/16/2024 20:16,,1/16/2024 20:16,-2,No response,1/16/2024 20:17,Inactive,Active,0
128,1/16/2024 20:20,Off Mode,7.2,82.8,0,1/16/2024 20:18,0.000041,1/16/2024 20:18,0,1/16/2024 20:18,-1,1/16/2024 20:18,,1/16/2024 20:18,-2,No response,1/16/2024 20:18,Inactive,Active,0
129,1/16/2024 20:21,Off Mode,7.1,82.8,0,1/16/2024 20:20,0.000041,1/16/2024 20:20,0,1/16/2024 20:20,-1,1/16/2024 20:20,,1/16/2024 20:20,-2,No response,1/16/2024 20:20,Inactive,Active,0
130,1/16/2024 20:23,Off Mode,7.1,82.8,0,1/16/2024 20:22,0.000043,1/16/2024 20:22,0,1/16/2024 20:22,-1,1/16/2024 20:22,,1/16/2024 20:22,-2,No response,1/16/2024 20:22,Inactive,Active,0
131,1/16/2024 20:25,Off Mode,7.1,82.9,0,1/16/2024 20:24,0.000049,1/16/2024 20:24,0,1/16/2024 20:23,-1,1/16/2024 20:23,,1/16/2024 20:23,-2,No response,1/16/2024 20:24,Inactive,Active,0
132,1/16/2024 20:27,Off Mode,7,82.9,0,1/16/2024 20:25,0.000044,1/16/2024 20:25,0,1/16/2024 20:25,-1,1/16/2024 20:25,,1/16/2024 20:25,-2,No response,1/16/2024 20:25,Inactive,Active,0
133,1/16/2024 20:28,Off Mode,7,82.9,0,1/16/2024 20:27,0.000045,1/16/2024 20:27,0,1/16/2024 20:27,-1,1/16/2024 20:27,,1/16/2024 20:27,-2,No response,1/16/2024 20:27,Inactive,Active,0
134,1/16/2024 20:30,Off Mode,6.9,83,0,1/16/2024 20:29,0.000043,1/16/2024 20:29,0,1/16/2024 20:28,-1,1/16/2024 20:28,,1/16/2024 20:28,-2,No response,1/16/2024 20:29,Inactive,Active,0
135,1/16/2024 20:32,Off Mode,6.9,83,0,1/16/2024 20:31,0.000045,1/16/2024 20:31,0,1/16/2024 20:30,-1,1/16/2024 20:30,,1/16/2024 20:30,-2,No response,1/16/2024 20:30,Inactive,Active,0
136,1/16/2024 20:33,Off Mode,6.9,83,0,1/16/2024 20:32,0.000046,1/16/2024 20:32,0,1/16/2024 20:32,-1,1/16/2024 20:32,,1/16/2024 20:32,-2,No response,1/16/2024 20:32,Inactive,Active,0
137,1/16/2024 20:35,Off Mode,6.8,83.1,0,1/16/2024 20:34,0.000045,1/16/2024 20:34,0,1/16/2024 20:34,-1,1/16/2024 20:34,,1/16/2024 20:34,-2,No response,1/16/2024 20:34,Inactive,Active,0
138,1/16/2024 20:37,Off Mode,6.8,83.1,0,1/16/2024 20:36,0.000045,1/16/2024 20:36,0,1/16/2024 20:35,-1,1/16/2024 20:35,,1/16/2024 20:35,-2,No response,1/16/2024 20:36,Inactive,Active,0
139,1/16/2024 20:39,Off Mode,6.7,83.1,0,1/16/2024 20:37,0.000045,1/16/2024 20:37,0,1/16/2024 20:37,-1,1/16/2024 20:37,,1/16/2024 20:37,-2,No response,1/16/2024 20:37,Inactive,Active,0
140,1/16/2024 20:40,Off Mode,6.7,83.2,0,1/16/2024 20:39,0.000045,1/16/2024 20:39,0,1/16/2024 20:39,-1,1/16/2024 20:39,,1/16/2024 20:39,-2,No response,1/16/2024 20:39,Inactive,Active,0
141,1/16/2024 20:42,Off Mode,6.7,83.2,0,1/16/2024 20:41,0.000046,1/16/2024 20:41,0,1/16/2024 20:41,-1,1/16/2024 20:40,,1/16/2024 20:40,-2,No response,1/16/2024 20:41,Inactive,Active,0
142,1/16/2024 20:44,Wake Mode,6.6,83.3,8,1/16/2024 20:43,0.20305,1/16/2024 20:43,0,1/16/2024 20:43,0,1/16/2024 20:42,921B07 - 954A07 - 900300 - DF0000 - ,1/16/2024 20:42,0,Default Value,1/16/2024 20:43,Inactive,Active,1
143,1/16/2024 20:45,Wake Mode,6.6,83.3,8,1/16/2024 20:44,0.380432,1/16/2024 20:44,0,1/16/2024 20:43,0,1/16/2024 20:42,921B07 - 954A07 - 900300 - DF0000 - ,1/16/2024 20:42,0,Default Value,1/16/2024 20:43,Inactive,Active,50
144,1/16/2024 20:47,Wake Mode,6.5,83.3,8,1/16/2024 20:46,0.554561,1/16/2024 20:46,0,1/16/2024 20:43,0,1/16/2024 20:42,921B07 - 954A07 - 900300 - DF0000 - ,1/16/2024 20:42,0,Default Value,1/16/2024 20:43,Inactive,Active,100
145,1/16/2024 20:49,Off Mode,6.5,83.4,0,1/16/2024 20:48,0.000044,1/16/2024 20:48,0,1/16/2024 20:47,-1,1/16/2024 20:47,,1/16/2024 20:47,-2,No response,1/16/2024 20:47,Inactive,Active,0
146,1/16/2024 20:51,Wake Mode,6.5,83.4,16,1/16/2024 20:49,0.170652,1/16/2024 20:49,0,1/16/2024 20:49,0,1/16/2024 20:49,921B07 - 954A07 - 900300 - DF0000 - ,1/16/2024 20:49,0,Default Value,1/16/2024 20:49,Inactive,Active,1
147,1/16/2024 20:52,Wake Mode,6.4,83.4,16,1/16/2024 20:51,0.251076,1/16/2024 20:51,0,1/16/2024 20:49,0,1/16/2024 20:49,921B07 - 954A07 - 900300 - DF0000 - ,1/16/2024 20:49,0,Default Value,1/16/2024 20:49,Inactive,Active,50
148,1/16/2024 20:53,Wake Mode,6.4,83.4,16,1/16/2024 20:52,0.337008,1/16/2024 20:52,0,1/16/2024 20:49,0,1/16/2024 20:49,921B07 - 954A07 - 900300 - DF0000 - ,1/16/2024 20:49,0,Default Value,1/16/2024 20:49,Inactive,Active,100
149,1/16/2024 20:56,Off Mode,6.4,83.3,0,1/16/2024 20:54,0.000043,1/16/2024 20:54,0,1/16/2024 20:54,-1,1/16/2024 20:54,,1/16/2024 20:54,-2,No response,1/16/2024 20:54,Inactive,Active,0
150,1/16/2024 20:57,Off Mode,6.1,81,0,1/16/2024 20:56,0.000046,1/16/2024 20:56,0,1/16/2024 20:56,-1,1/16/2024 20:56,,1/16/2024 20:56,-2,No response,1/16/2024 20:56,Inactive,Active,0
151,1/16/2024 20:59,Off Mode,5.5,77.9,0,1/16/2024 20:58,0.000044,1/16/2024 20:58,0,1/16/2024 20:57,-1,1/16/2024 20:57,,1/16/2024 20:57,-2,No response,1/16/2024 20:58,Inactive,Active,0
152,1/16/2024 21:01,Off Mode,5,74.5,0,1/16/2024 20:59,0.000047,1/16/2024 20:59,0,1/16/2024 20:59,-1,1/16/2024 20:59,,1/16/2024 20:59,-2,No response,1/16/2024 20:59,Inactive,Active,0
153,1/16/2024 21:02,Off Mode,4.5,71.2,0,1/16/2024 21:01,0.000041,1/16/2024 21:01,0,1/16/2024 21:01,-1,1/16/2024 21:01,,1/16/2024 21:01,-2,No response,1/16/2024 21:01,Inactive,Active,0
154,1/16/2024 21:04,Off Mode,4.2,67.8,0,1/16/2024 21:03,0.000043,1/16/2024 21:03,0,1/16/2024 21:03,-1,1/16/2024 21:02,,1/16/2024 21:02,-2,No response,1/16/2024 21:03,Inactive,Active,0
155,1/16/2024 21:06,Off Mode,4.1,64.3,0,1/16/2024 21:05,0.00004,1/16/2024 21:05,0,1/16/2024 21:04,-1,1/16/2024 21:04,,1/16/2024 21:04,-2,No response,1/16/2024 21:04,Inactive,Active,0
156,1/16/2024 21:08,Off Mode,4,60.9,0,1/16/2024 21:06,0.000044,1/16/2024 21:06,0,1/16/2024 21:06,-1,1/16/2024 21:06,,1/16/2024 21:06,-2,No response,1/16/2024 21:06,Inactive,Active,0
157,1/16/2024 21:09,Off Mode,3.9,57.6,0,1/16/2024 21:08,0.000047,1/16/2024 21:08,0,1/16/2024 21:08,-1,1/16/2024 21:08,,1/16/2024 21:08,-2,No response,1/16/2024 21:08,Inactive,Active,0
158,1/16/2024 21:11,Off Mode,3.9,54,0,1/16/2024 21:10,0.000046,1/16/2024 21:10,0,1/16/2024 21:09,-1,1/16/2024 21:09,,1/16/2024 21:09,-2,No response,1/16/2024 21:10,Inactive,Active,0
159,1/16/2024 21:13,Off Mode,3.9,50.7,0,1/16/2024 21:11,0.000042,1/16/2024 21:11,0,1/16/2024 21:11,-1,1/16/2024 21:11,,1/16/2024 21:11,-2,No response,1/16/2024 21:11,Inactive,Active,0
160,1/16/2024 21:14,Off Mode,4,47.3,0,1/16/2024 21:13,0.000043,1/16/2024 21:13,0,1/16/2024 21:13,-1,1/16/2024 21:13,,1/16/2024 21:13,-2,No response,1/16/2024 21:13,Inactive,Active,0
161,1/16/2024 21:16,Off Mode,4.1,43.8,0,1/16/2024 21:15,0.000044,1/16/2024 21:15,0,1/16/2024 21:15,-1,1/16/2024 21:15,,1/16/2024 21:15,-2,No response,1/16/2024 21:15,Inactive,Active,0
162,1/16/2024 21:18,Off Mode,4.3,40.4,0,1/16/2024 21:17,0.000041,1/16/2024 21:17,0,1/16/2024 21:16,-1,1/16/2024 21:16,,1/16/2024 21:16,-2,No response,1/16/2024 21:16,Inactive,Active,0
163,1/16/2024 21:20,Off Mode,4.5,37,0,1/16/2024 21:18,0.000045,1/16/2024 21:18,0,1/16/2024 21:18,-1,1/16/2024 21:18,,1/16/2024 21:18,-2,No response,1/16/2024 21:18,Inactive,Active,0
164,1/16/2024 21:21,Off Mode,4.8,33.6,0,1/16/2024 21:20,0.000042,1/16/2024 21:20,0,1/16/2024 21:20,-1,1/16/2024 21:20,,1/16/2024 21:20,-2,No response,1/16/2024 21:20,Inactive,Active,0
165,1/16/2024 21:23,Off Mode,5,30.2,0,1/16/2024 21:22,0.000045,1/16/2024 21:22,0,1/16/2024 21:21,-1,1/16/2024 21:21,,1/16/2024 21:21,-2,No response,1/16/2024 21:22,Inactive,Active,0
166,1/16/2024 21:25,Off Mode,5.2,26.8,0,1/16/2024 21:23,0.000045,1/16/2024 21:23,0,1/16/2024 21:23,-1,1/16/2024 21:23,,1/16/2024 21:23,-2,No response,1/16/2024 21:23,Inactive,Active,0
167,1/16/2024 21:26,Off Mode,5.5,24.7,0,1/16/2024 21:25,0.000043,1/16/2024 21:25,0,1/16/2024 21:25,-1,1/16/2024 21:25,,1/16/2024 21:25,-2,No response,1/16/2024 21:25,Inactive,Active,0
168,1/16/2024 21:28,Off Mode,5.6,23.1,0,1/16/2024 21:27,0.000045,1/16/2024 21:27,0,1/16/2024 21:27,-1,1/16/2024 21:27,,1/16/2024 21:27,-2,No response,1/16/2024 21:27,Inactive,Active,0
169,1/16/2024 21:30,Off Mode,5.7,22.4,0,1/16/2024 21:29,0.000043,1/16/2024 21:29,0,1/16/2024 21:28,-1,1/16/2024 21:28,,1/16/2024 21:28,-2,No response,1/16/2024 21:28,Inactive,Active,0
170,1/16/2024 21:32,Off Mode,5.8,22,0,1/16/2024 21:30,0.000046,1/16/2024 21:30,0,1/16/2024 21:30,-1,1/16/2024 21:30,,1/16/2024 21:30,-2,No response,1/16/2024 21:30,Inactive,Active,0
171,1/16/2024 21:33,Off Mode,5.9,21.9,0,1/16/2024 21:32,0.000046,1/16/2024 21:32,0,1/16/2024 21:32,-1,1/16/2024 21:32,,1/16/2024 21:32,-2,No response,1/16/2024 21:32,Inactive,Active,0
172,1/16/2024 21:35,Off Mode,6.1,21.8,0,1/16/2024 21:34,0.00005,1/16/2024 21:34,0,1/16/2024 21:33,-1,1/16/2024 21:33,,1/16/2024 21:33,-2,No response,1/16/2024 21:34,Inactive,Active,0
173,1/16/2024 21:37,Off Mode,6.2,21.8,0,1/16/2024 21:35,0.000042,1/16/2024 21:35,0,1/16/2024 21:35,-1,1/16/2024 21:35,,1/16/2024 21:35,-2,No response,1/16/2024 21:35,Inactive,Active,0
174,1/16/2024 21:38,Off Mode,6.3,21.8,0,1/16/2024 21:37,0.000044,1/16/2024 21:37,0,1/16/2024 21:37,-1,1/16/2024 21:37,,1/16/2024 21:37,-2,No response,1/16/2024 21:37,Inactive,Active,0
175,1/16/2024 21:40,Off Mode,6.5,21.6,0,1/16/2024 21:39,0.000043,1/16/2024 21:39,0,1/16/2024 21:39,-1,1/16/2024 21:39,,1/16/2024 21:39,-2,No response,1/16/2024 21:39,Inactive,Active,0
176,1/16/2024 21:42,Off Mode,7.2,21.8,0,1/16/2024 21:41,0.000045,1/16/2024 21:41,0,1/16/2024 21:40,-1,1/16/2024 21:40,,1/16/2024 21:40,-2,No response,1/16/2024 21:40,Inactive,Active,0
177,1/16/2024 21:44,Off Mode,7.9,21.9,0,1/16/2024 21:42,0.000043,1/16/2024 21:42,0,1/16/2024 21:42,-1,1/16/2024 21:42,,1/16/2024 21:42,-2,No response,1/16/2024 21:42,Inactive,Active,0
178,1/16/2024 21:45,Off Mode,8.2,22,0,1/16/2024 21:44,0.000047,1/16/2024 21:44,0,1/16/2024 21:44,-1,1/16/2024 21:44,,1/16/2024 21:44,-2,No response,1/16/2024 21:44,Inactive,Active,0
179,1/16/2024 21:47,Off Mode,8,22,0,1/16/2024 21:46,0.000046,1/16/2024 21:46,0,1/16/2024 21:45,-1,1/16/2024 21:45,,1/16/2024 21:45,-2,No response,1/16/2024 21:46,Inactive,Active,0
180,1/16/2024 21:49,Off Mode,7.8,21.9,0,1/16/2024 21:47,0.000044,1/16/2024 21:47,0,1/16/2024 21:47,-1,1/16/2024 21:47,,1/16/2024 21:47,-2,No response,1/16/2024 21:47,Inactive,Active,0
181,1/16/2024 21:50,Off Mode,7.6,21.9,0,1/16/2024 21:49,0.000043,1/16/2024 21:49,0,1/16/2024 21:49,-1,1/16/2024 21:49,,1/16/2024 21:49,-2,No response,1/16/2024 21:49,Inactive,Active,0
182,1/16/2024 21:52,Off Mode,7.6,22,0,1/16/2024 21:51,0.000042,1/16/2024 21:51,0,1/16/2024 21:51,-1,1/16/2024 21:51,,1/16/2024 21:51,-2,No response,1/16/2024 21:51,Inactive,Active,0
183,1/16/2024 21:54,Off Mode,7.9,22,0,1/16/2024 21:53,0.000045,1/16/2024 21:53,0,1/16/2024 21:52,-1,1/16/2024 21:52,,1/16/2024 21:52,-2,No response,1/16/2024 21:53,Inactive,Active,0
184,1/16/2024 21:56,Off Mode,8.2,22,0,1/16/2024 21:54,0.000043,1/16/2024 21:54,0,1/16/2024 21:54,-1,1/16/2024 21:54,,1/16/2024 21:54,-2,No response,1/16/2024 21:54,Inactive,Active,0
185,1/16/2024 21:57,Off Mode,8.4,22.1,0,1/16/2024 21:56,0.000046,1/16/2024 21:56,0,1/16/2024 21:56,-1,1/16/2024 21:56,,1/16/2024 21:56,-2,No response,1/16/2024 21:56,Inactive,Active,0
186,1/16/2024 21:59,Off Mode,8.6,22,0,1/16/2024 21:58,0.000043,1/16/2024 21:58,0,1/16/2024 21:57,-1,1/16/2024 21:57,,1/16/2024 21:57,-2,No response,1/16/2024 21:58,Inactive,Active,0
187,1/16/2024 22:01,Off Mode,8.8,22,0,1/16/2024 21:59,0.000043,1/16/2024 21:59,0,1/16/2024 21:59,-1,1/16/2024 21:59,,1/16/2024 21:59,-2,No response,1/16/2024 21:59,Inactive,Active,0
188,1/16/2024 22:02,Off Mode,9.1,22.1,0,1/16/2024 22:01,0.000046,1/16/2024 22:01,0,1/16/2024 22:01,-1,1/16/2024 22:01,,1/16/2024 22:01,-2,No response,1/16/2024 22:01,Inactive,Active,0
189,1/16/2024 22:04,Off Mode,9.4,22.1,0,1/16/2024 22:03,0.000043,1/16/2024 22:03,0,1/16/2024 22:03,-1,1/16/2024 22:03,,1/16/2024 22:03,-2,No response,1/16/2024 22:03,Inactive,Active,0
190,1/16/2024 22:06,Off Mode,9.7,22.1,0,1/16/2024 22:05,0.000043,1/16/2024 22:05,0,1/16/2024 22:04,-1,1/16/2024 22:04,,1/16/2024 22:04,-2,No response,1/16/2024 22:05,Inactive,Active,0
191,1/16/2024 22:08,Off Mode,9.9,22.1,0,1/16/2024 22:06,0.000046,1/16/2024 22:06,0,1/16/2024 22:06,-1,1/16/2024 22:06,,1/16/2024 22:06,-2,No response,1/16/2024 22:06,Inactive,Active,0
192,1/16/2024 22:09,Off Mode,10,22.1,0,1/16/2024 22:08,0.000043,1/16/2024 22:08,0,1/16/2024 22:08,-1,1/16/2024 22:08,,1/16/2024 22:08,-2,No response,1/16/2024 22:08,Inactive,Active,0
193,1/16/2024 22:11,Off Mode,10.1,22.1,0,1/16/2024 22:10,0.000043,1/16/2024 22:10,0,1/16/2024 22:09,-1,1/16/2024 22:09,,1/16/2024 22:09,-2,No response,1/16/2024 22:10,Inactive,Active,0
194,1/16/2024 22:13,Off Mode,10.4,22.1,0,1/16/2024 22:11,0.000042,1/16/2024 22:11,0,1/16/2024 22:11,-1,1/16/2024 22:11,,1/16/2024 22:11,-2,No response,1/16/2024 22:11,Inactive,Active,0
195,1/16/2024 22:14,Off Mode,10.8,22.1,0,1/16/2024 22:13,0.000047,1/16/2024 22:13,0,1/16/2024 22:13,-1,1/16/2024 22:13,,1/16/2024 22:13,-2,No response,1/16/2024 22:13,Inactive,Active,0
196,1/16/2024 22:16,Off Mode,11.2,22.1,0,1/16/2024 22:15,0.000043,1/16/2024 22:15,0,1/16/2024 22:15,-1,1/16/2024 22:15,,1/16/2024 22:15,-2,No response,1/16/2024 22:15,Inactive,Active,0
197,1/16/2024 22:18,Off Mode,11.3,22.1,0,1/16/2024 22:17,0.000044,1/16/2024 22:17,0,1/16/2024 22:16,-1,1/16/2024 22:16,,1/16/2024 22:16,-2,No response,1/16/2024 22:17,Inactive,Active,0
198,1/16/2024 22:20,Off Mode,11.5,22.1,0,1/16/2024 22:18,0.000043,1/16/2024 22:18,0,1/16/2024 22:18,-1,1/16/2024 22:18,,1/16/2024 22:18,-2,No response,1/16/2024 22:18,Inactive,Active,0
199,1/16/2024 22:21,Off Mode,11.6,22.1,0,1/16/2024 22:20,0.000047,1/16/2024 22:20,0,1/16/2024 22:20,-1,1/16/2024 22:20,,1/16/2024 22:20,-2,No response,1/16/2024 22:20,Inactive,Active,0
200,1/16/2024 22:23,Off Mode,11.8,22.1,0,1/16/2024 22:22,0.000044,1/16/2024 22:22,0,1/16/2024 22:21,-1,1/16/2024 22:21,,1/16/2024 22:21,-2,No response,1/16/2024 22:22,Inactive,Active,0
201,1/16/2024 22:25,Off Mode,12,22.1,0,1/16/2024 22:23,0.000045,1/16/2024 22:23,0,1/16/2024 22:23,-1,1/16/2024 22:23,,1/16/2024 22:23,-2,No response,1/16/2024 22:23,Inactive,Active,0
202,1/16/2024 22:26,Off Mode,12.2,22.1,0,1/16/2024 22:25,0.000047,1/16/2024 22:25,0,1/16/2024 22:25,-1,1/16/2024 22:25,,1/16/2024 22:25,-2,No response,1/16/2024 22:25,Inactive,Active,0
203,1/16/2024 22:28,Off Mode,12.4,22.1,0,1/16/2024 22:27,0.000043,1/16/2024 22:27,0,1/16/2024 22:27,-1,1/16/2024 22:27,,1/16/2024 22:27,-2,No response,1/16/2024 22:27,Inactive,Active,0
204,1/16/2024 22:30,Off Mode,12.5,22.1,0,1/16/2024 22:29,0.000042,1/16/2024 22:29,0,1/16/2024 22:28,-1,1/16/2024 22:28,,1/16/2024 22:28,-2,No response,1/16/2024 22:29,Inactive,Active,0
205,1/16/2024 22:32,Off Mode,12.6,22.1,0,1/16/2024 22:30,0.000043,1/16/2024 22:30,0,1/16/2024 22:30,-1,1/16/2024 22:30,,1/16/2024 22:30,-2,No response,1/16/2024 22:30,Inactive,Active,0
206,1/16/2024 22:33,Off Mode,12.7,22.1,0,1/16/2024 22:32,0.000044,1/16/2024 22:32,0,1/16/2024 22:32,-1,1/16/2024 22:32,,1/16/2024 22:32,-2,No response,1/16/2024 22:32,Inactive,Active,0
207,1/16/2024 22:35,Off Mode,12.9,22.1,0,1/16/2024 22:34,0.000047,1/16/2024 22:34,0,1/16/2024 22:33,-1,1/16/2024 22:33,,1/16/2024 22:33,-2,No response,1/16/2024 22:34,Inactive,Active,0
208,1/16/2024 22:37,Off Mode,13.2,22.1,0,1/16/2024 22:35,0.000044,1/16/2024 22:35,0,1/16/2024 22:35,-1,1/16/2024 22:35,,1/16/2024 22:35,-2,No response,1/16/2024 22:35,Inactive,Active,0
209,1/16/2024 22:38,Off Mode,13.4,22.1,0,1/16/2024 22:37,0.000046,1/16/2024 22:37,0,1/16/2024 22:37,-1,1/16/2024 22:37,,1/16/2024 22:37,-2,No response,1/16/2024 22:37,Inactive,Active,0
210,1/16/2024 22:40,Off Mode,13.5,22.2,0,1/16/2024 22:39,0.000042,1/16/2024 22:39,0,1/16/2024 22:39,-1,1/16/2024 22:39,,1/16/2024 22:39,-2,No response,1/16/2024 22:39,Inactive,Active,0
211,1/16/2024 22:42,Off Mode,13.4,22.1,0,1/16/2024 22:41,0.000044,1/16/2024 22:41,0,1/16/2024 22:40,-1,1/16/2024 22:40,,1/16/2024 22:40,-2,No response,1/16/2024 22:41,Inactive,Active,0
212,1/16/2024 22:44,Off Mode,13.4,22.1,0,1/16/2024 22:42,0.000043,1/16/2024 22:42,0,1/16/2024 22:42,-1,1/16/2024 22:42,,1/16/2024 22:42,-2,No response,1/16/2024 22:42,Inactive,Active,0
213,1/16/2024 22:45,Off Mode,13.6,22.1,0,1/16/2024 22:44,0.000044,1/16/2024 22:44,0,1/16/2024 22:44,-1,1/16/2024 22:44,,1/16/2024 22:44,-2,No response,1/16/2024 22:44,Inactive,Active,0
214,1/16/2024 22:47,Off Mode,13.7,22.1,0,1/16/2024 22:46,0.000046,1/16/2024 22:46,0,1/16/2024 22:45,-1,1/16/2024 22:45,,1/16/2024 22:45,-2,No response,1/16/2024 22:46,Inactive,Active,0
215,1/16/2024 22:49,Off Mode,13.7,22.1,0,1/16/2024 22:47,0.000042,1/16/2024 22:47,0,1/16/2024 22:47,-1,1/16/2024 22:47,,1/16/2024 22:47,-2,No response,1/16/2024 22:47,Inactive,Active,0
216,1/16/2024 22:50,Off Mode,13.8,22.1,0,1/16/2024 22:49,0.000048,1/16/2024 22:49,0,1/16/2024 22:49,-1,1/16/2024 22:49,,1/16/2024 22:49,-2,No response,1/16/2024 22:49,Inactive,Active,0
217,1/16/2024 22:52,Off Mode,13.9,22.2,0,1/16/2024 22:51,0.000043,1/16/2024 22:51,0,1/16/2024 22:51,-1,1/16/2024 22:51,,1/16/2024 22:51,-2,No response,1/16/2024 22:51,Inactive,Active,0
218,1/16/2024 22:54,Off Mode,14,22.2,0,1/16/2024 22:53,0.000046,1/16/2024 22:53,0,1/16/2024 22:52,-1,1/16/2024 22:52,,1/16/2024 22:52,-2,No response,1/16/2024 22:53,Inactive,Active,0
219,1/16/2024 22:56,Off Mode,14,22.1,0,1/16/2024 22:54,0.000045,1/16/2024 22:54,0,1/16/2024 22:54,-1,1/16/2024 22:54,,1/16/2024 22:54,-2,No response,1/16/2024 22:54,Inactive,Active,0
220,1/16/2024 22:57,Off Mode,14.1,22.1,0,1/16/2024 22:56,0.000046,1/16/2024 22:56,0,1/16/2024 22:56,-1,1/16/2024 22:56,,1/16/2024 22:56,-2,No response,1/16/2024 22:56,Inactive,Active,0
221,1/16/2024 22:59,Off Mode,14.1,22.1,0,1/16/2024 22:58,0.000046,1/16/2024 22:58,0,1/16/2024 22:57,-1,1/16/2024 22:57,,1/16/2024 22:57,-2,No response,1/16/2024 22:58,Inactive,Active,0
222,1/16/2024 23:01,Off Mode,14.2,22.2,0,1/16/2024 23:00,0.000043,1/16/2024 23:00,0,1/16/2024 22:59,-1,1/16/2024 22:59,,1/16/2024 22:59,-2,No response,1/16/2024 22:59,Inactive,Active,0
223,1/16/2024 23:02,Off Mode,14.3,22.2,0,1/16/2024 23:01,0.000044,1/16/2024 23:01,0,1/16/2024 23:01,-1,1/16/2024 23:01,,1/16/2024 23:01,-2,No response,1/16/2024 23:01,Inactive,Active,0
224,1/16/2024 23:04,Off Mode,14.4,22.1,0,1/16/2024 23:03,0.000047,1/16/2024 23:03,0,1/16/2024 23:03,-1,1/16/2024 23:03,,1/16/2024 23:03,-2,No response,1/16/2024 23:03,Inactive,Active,0
225,1/16/2024 23:06,Off Mode,14.4,22.2,0,1/16/2024 23:05,0.000046,1/16/2024 23:05,0,1/16/2024 23:04,-1,1/16/2024 23:04,,1/16/2024 23:04,-2,No response,1/16/2024 23:05,Inactive,Active,0
226,1/16/2024 23:08,Off Mode,14.5,22.1,0,1/16/2024 23:06,0.000047,1/16/2024 23:06,0,1/16/2024 23:06,-1,1/16/2024 23:06,,1/16/2024 23:06,-2,No response,1/16/2024 23:06,Inactive,Active,0
227,1/16/2024 23:09,Off Mode,14.5,22.2,0,1/16/2024 23:08,0.000045,1/16/2024 23:08,0,1/16/2024 23:08,-1,1/16/2024 23:08,,1/16/2024 23:08,-2,No response,1/16/2024 23:08,Inactive,Active,0
228,1/16/2024 23:11,Off Mode,14.5,22.2,0,1/16/2024 23:10,0.000041,1/16/2024 23:10,0,1/16/2024 23:09,-1,1/16/2024 23:09,,1/16/2024 23:09,-2,No response,1/16/2024 23:10,Inactive,Active,0
229,1/16/2024 23:13,Off Mode,14.6,22.1,0,1/16/2024 23:11,0.000047,1/16/2024 23:11,0,1/16/2024 23:11,-1,1/16/2024 23:11,,1/16/2024 23:11,-2,No response,1/16/2024 23:11,Inactive,Active,0
230,1/16/2024 23:14,Off Mode,14.7,22.2,0,1/16/2024 23:13,0.000043,1/16/2024 23:13,0,1/16/2024 23:13,-1,1/16/2024 23:13,,1/16/2024 23:13,-2,No response,1/16/2024 23:13,Inactive,Active,0
231,1/16/2024 23:16,Off Mode,14.7,22.2,0,1/16/2024 23:15,0.000044,1/16/2024 23:15,0,1/16/2024 23:15,-1,1/16/2024 23:15,,1/16/2024 23:15,-2,No response,1/16/2024 23:15,Inactive,Active,0
232,1/16/2024 23:18,Off Mode,14.7,22.2,0,1/16/2024 23:17,0.000048,1/16/2024 23:17,0,1/16/2024 23:16,-1,1/16/2024 23:16,,1/16/2024 23:16,-2,No response,1/16/2024 23:17,Inactive,Active,0
233,1/16/2024 23:20,Off Mode,14.8,22.2,0,1/16/2024 23:18,0.000045,1/16/2024 23:18,0,1/16/2024 23:18,-1,1/16/2024 23:18,,1/16/2024 23:18,-2,No response,1/16/2024 23:18,Inactive,Active,0
234,1/16/2024 23:21,Off Mode,14.8,22.2,0,1/16/2024 23:20,0.000044,1/16/2024 23:20,0,1/16/2024 23:20,-1,1/16/2024 23:20,,1/16/2024 23:20,-2,No response,1/16/2024 23:20,Inactive,Active,0
235,1/16/2024 23:23,Off Mode,14.9,22.2,0,1/16/2024 23:22,0.000043,1/16/2024 23:22,0,1/16/2024 23:21,-1,1/16/2024 23:21,,1/16/2024 23:21,-2,No response,1/16/2024 23:22,Inactive,Active,0
236,1/16/2024 23:25,Off Mode,15,22.2,0,1/16/2024 23:24,0.000044,1/16/2024 23:24,0,1/16/2024 23:23,-1,1/16/2024 23:23,,1/16/2024 23:23,-2,No response,1/16/2024 23:23,Inactive,Active,0
237,1/16/2024 23:26,Off Mode,15.1,22.2,0,1/16/2024 23:25,0.000045,1/16/2024 23:25,0,1/16/2024 23:25,-1,1/16/2024 23:25,,1/16/2024 23:25,-2,No response,1/16/2024 23:25,Inactive,Active,0
238,1/16/2024 23:28,Off Mode,15,22.2,0,1/16/2024 23:27,0.000048,1/16/2024 23:27,0,1/16/2024 23:27,-1,1/16/2024 23:27,,1/16/2024 23:27,-2,No response,1/16/2024 23:27,Inactive,Active,0
239,1/16/2024 23:30,Off Mode,14.9,22.2,0,1/16/2024 23:29,0.000043,1/16/2024 23:29,0,1/16/2024 23:28,-1,1/16/2024 23:28,,1/16/2024 23:28,-2,No response,1/16/2024 23:29,Inactive,Active,0
240,1/16/2024 23:32,Off Mode,14.9,22.2,0,1/16/2024 23:30,0.000045,1/16/2024 23:30,0,1/16/2024 23:30,-1,1/16/2024 23:30,,1/16/2024 23:30,-2,No response,1/16/2024 23:30,Inactive,Active,0
241,1/16/2024 23:33,Off Mode,15.1,22.2,0,1/16/2024 23:32,0.000045,1/16/2024 23:32,0,1/16/2024 23:32,-1,1/16/2024 23:32,,1/16/2024 23:32,-2,No response,1/16/2024 23:32,Inactive,Active,0
242,1/16/2024 23:35,Off Mode,15.2,22.2,0,1/16/2024 23:34,0.000046,1/16/2024 23:34,0,1/16/2024 23:34,-1,1/16/2024 23:33,,1/16/2024 23:33,-2,No response,1/16/2024 23:34,Inactive,Active,0
243,1/16/2024 23:37,Off Mode,15,22.1,0,1/16/2024 23:36,0.000043,1/16/2024 23:36,0,1/16/2024 23:35,-1,1/16/2024 23:35,,1/16/2024 23:35,-2,No response,1/16/2024 23:35,Inactive,Active,0
244,1/16/2024 23:39,Off Mode,15.1,22.1,0,1/16/2024 23:37,0.000048,1/16/2024 23:37,0,1/16/2024 23:37,-1,1/16/2024 23:37,,1/16/2024 23:37,-2,No response,1/16/2024 23:37,Inactive,Active,0
245,1/16/2024 23:40,Off Mode,15.2,22.1,0,1/16/2024 23:39,0.000047,1/16/2024 23:39,0,1/16/2024 23:39,-1,1/16/2024 23:39,,1/16/2024 23:39,-2,No response,1/16/2024 23:39,Inactive,Active,0
246,1/16/2024 23:42,Off Mode,15.2,22.1,0,1/16/2024 23:41,0.000044,1/16/2024 23:41,0,1/16/2024 23:40,-1,1/16/2024 23:40,,1/16/2024 23:40,-2,No response,1/16/2024 23:41,Inactive,Active,0
247,1/16/2024 23:44,Off Mode,15.3,22.1,0,1/16/2024 23:42,0.000047,1/16/2024 23:42,0,1/16/2024 23:42,-1,1/16/2024 23:42,,1/16/2024 23:42,-2,No response,1/16/2024 23:42,Inactive,Active,0
248,1/16/2024 23:45,Off Mode,15.3,22.1,0,1/16/2024 23:44,0.000048,1/16/2024 23:44,0,1/16/2024 23:44,-1,1/16/2024 23:44,,1/16/2024 23:44,-2,No response,1/16/2024 23:44,Inactive,Active,0
249,1/16/2024 23:47,Off Mode,15.2,22.1,0,1/16/2024 23:46,0.000051,1/16/2024 23:46,0,1/16/2024 23:46,-1,1/16/2024 23:45,,1/16/2024 23:45,-2,No response,1/16/2024 23:46,Inactive,Active,0
250,1/16/2024 23:49,Off Mode,15.3,22.2,0,1/16/2024 23:48,0.000044,1/16/2024 23:48,0,1/16/2024 23:47,-1,1/16/2024 23:47,,1/16/2024 23:47,-2,No response,1/16/2024 23:47,Inactive,Active,0
251,1/16/2024 23:51,Off Mode,15.5,22.2,0,1/16/2024 23:49,0.000043,1/16/2024 23:49,0,1/16/2024 23:49,-1,1/16/2024 23:49,,1/16/2024 23:49,-2,No response,1/16/2024 23:49,Inactive,Active,0
252,1/16/2024 23:52,Off Mode,15.6,22.2,0,1/16/2024 23:51,0.000048,1/16/2024 23:51,0,1/16/2024 23:51,-1,1/16/2024 23:51,,1/16/2024 23:51,-2,No response,1/16/2024 23:51,Inactive,Active,0
253,1/16/2024 23:54,Off Mode,15.5,22.1,0,1/16/2024 23:53,0.00005,1/16/2024 23:53,0,1/16/2024 23:52,-1,1/16/2024 23:52,,1/16/2024 23:52,-2,No response,1/16/2024 23:53,Inactive,Active,0
254,1/16/2024 23:56,Off Mode,15.4,22.2,0,1/16/2024 23:54,0.000043,1/16/2024 23:54,0,1/16/2024 23:54,-1,1/16/2024 23:54,,1/16/2024 23:54,-2,No response,1/16/2024 23:54,Inactive,Active,0
255,1/16/2024 23:57,Off Mode,15.4,22.2,0,1/16/2024 23:56,0.000048,1/16/2024 23:56,0,1/16/2024 23:56,-1,1/16/2024 23:56,,1/16/2024 23:56,-2,No response,1/16/2024 23:56,Inactive,Active,0
256,1/16/2024 23:59,Off Mode,15.4,22.2,0,1/16/2024 23:58,0.000043,1/16/2024 23:58,0,1/16/2024 23:58,-1,1/16/2024 23:58,,1/16/2024 23:58,-2,No response,1/16/2024 23:58,Inactive,Active,0
257,1/17/2024 0:01,Off Mode,15.4,22.1,0,1/17/2024 0:00,0.000047,1/17/2024 0:00,0,1/16/2024 23:59,-1,1/16/2024 23:59,,1/16/2024 23:59,-2,No response,1/16/2024 23:59,Inactive,Active,0
258,1/17/2024 0:03,Off Mode,15.3,22.1,0,1/17/2024 0:01,0.000043,1/17/2024 0:01,0,1/17/2024 0:01,-1,1/17/2024 0:01,,1/17/2024 0:01,-2,No response,1/17/2024 0:01,Inactive,Active,0
259,1/17/2024 0:04,Off Mode,15.5,22.2,0,1/17/2024 0:03,0.000045,1/17/2024 0:03,0,1/17/2024 0:03,-1,1/17/2024 0:03,,1/17/2024 0:03,-2,No response,1/17/2024 0:03,Inactive,Active,0
260,1/17/2024 0:06,Off Mode,15.5,22.1,0,1/17/2024 0:05,0.000047,1/17/2024 0:05,0,1/17/2024 0:04,-1,1/17/2024 0:04,,1/17/2024 0:04,-2,No response,1/17/2024 0:05,Inactive,Active,0
261,1/17/2024 0:08,Off Mode,15.3,22.1,0,1/17/2024 0:06,0.000043,1/17/2024 0:06,0,1/17/2024 0:06,-1,1/17/2024 0:06,,1/17/2024 0:06,-2,No response,1/17/2024 0:06,Inactive,Active,0
262,1/17/2024 0:09,Off Mode,15.2,22.1,0,1/17/2024 0:08,0.000044,1/17/2024 0:08,0,1/17/2024 0:08,-1,1/17/2024 0:08,,1/17/2024 0:08,-2,No response,1/17/2024 0:08,Inactive,Active,0
263,1/17/2024 0:11,Off Mode,15.3,22.1,0,1/17/2024 0:10,0.000044,1/17/2024 0:10,0,1/17/2024 0:10,-1,1/17/2024 0:10,,1/17/2024 0:10,-2,No response,1/17/2024 0:10,Inactive,Active,0
264,1/17/2024 0:13,Off Mode,15.5,22.2,0,1/17/2024 0:12,0.000044,1/17/2024 0:12,0,1/17/2024 0:11,-1,1/17/2024 0:11,,1/17/2024 0:11,-2,No response,1/17/2024 0:11,Inactive,Active,0
265,1/17/2024 0:15,Off Mode,15.5,22.2,0,1/17/2024 0:13,0.000044,1/17/2024 0:13,0,1/17/2024 0:13,-1,1/17/2024 0:13,,1/17/2024 0:13,-2,No response,1/17/2024 0:13,Inactive,Active,0
266,1/17/2024 0:16,Off Mode,15.5,22.2,0,1/17/2024 0:15,0.000047,1/17/2024 0:15,0,1/17/2024 0:15,-1,1/17/2024 0:15,,1/17/2024 0:15,-2,No response,1/17/2024 0:15,Inactive,Active,0
267,1/17/2024 0:18,Off Mode,15.5,22.2,0,1/17/2024 0:17,0.000044,1/17/2024 0:17,0,1/17/2024 0:16,-1,1/17/2024 0:16,,1/17/2024 0:16,-2,No response,1/17/2024 0:17,Inactive,Active,0
268,1/17/2024 0:20,Off Mode,15.6,22.2,0,1/17/2024 0:18,0.000046,1/17/2024 0:18,0,1/17/2024 0:18,-1,1/17/2024 0:18,,1/17/2024 0:18,-2,No response,1/17/2024 0:18,Inactive,Active,0
269,1/17/2024 0:21,Off Mode,15.6,22.2,0,1/17/2024 0:20,0.000044,1/17/2024 0:20,0,1/17/2024 0:20,-1,1/17/2024 0:20,,1/17/2024 0:20,-2,No response,1/17/2024 0:20,Inactive,Active,0
270,1/17/2024 0:23,Off Mode,15.5,22.1,0,1/17/2024 0:22,0.000041,1/17/2024 0:22,0,1/17/2024 0:22,-1,1/17/2024 0:22,,1/17/2024 0:22,-2,No response,1/17/2024 0:22,Inactive,Active,0
271,1/17/2024 0:25,Off Mode,15.6,22.1,0,1/17/2024 0:24,0.000044,1/17/2024 0:24,0,1/17/2024 0:23,-1,1/17/2024 0:23,,1/17/2024 0:23,-2,No response,1/17/2024 0:24,Inactive,Active,0
272,1/17/2024 0:27,Off Mode,15.7,22.3,0,1/17/2024 0:25,0.000047,1/17/2024 0:25,0,1/17/2024 0:25,-1,1/17/2024 0:25,,1/17/2024 0:25,-2,No response,1/17/2024 0:25,Inactive,Active,0
273,1/17/2024 0:28,Off Mode,15.7,22.3,0,1/17/2024 0:27,0.000047,1/17/2024 0:27,0,1/17/2024 0:27,-1,1/17/2024 0:27,,1/17/2024 0:27,-2,No response,1/17/2024 0:27,Inactive,Active,0
274,1/17/2024 0:30,Off Mode,15.7,22.4,0,1/17/2024 0:29,0.000046,1/17/2024 0:29,0,1/17/2024 0:28,-1,1/17/2024 0:28,,1/17/2024 0:28,-2,No response,1/17/2024 0:29,Inactive,Active,0
275,1/17/2024 0:32,Off Mode,16.1,22.4,0,1/17/2024 0:30,0.000046,1/17/2024 0:30,0,1/17/2024 0:30,-1,1/17/2024 0:30,,1/17/2024 0:30,-2,No response,1/17/2024 0:30,Inactive,Active,0
276,1/17/2024 0:33,Off Mode,16.7,22.4,0,1/17/2024 0:32,0.000046,1/17/2024 0:32,0,1/17/2024 0:32,-1,1/17/2024 0:32,,1/17/2024 0:32,-2,No response,1/17/2024 0:32,Inactive,Active,0
277,1/17/2024 0:35,Off Mode,17.3,22.4,0,1/17/2024 0:34,0.000049,1/17/2024 0:34,0,1/17/2024 0:34,-1,1/17/2024 0:34,,1/17/2024 0:34,-2,No response,1/17/2024 0:34,Inactive,Active,0
278,1/17/2024 0:37,Off Mode,17.8,22.4,0,1/17/2024 0:36,0.00005,1/17/2024 0:36,0,1/17/2024 0:35,-1,1/17/2024 0:35,,1/17/2024 0:35,-2,No response,1/17/2024 0:36,Inactive,Active,0
279,1/17/2024 0:39,Off Mode,18.5,22.5,0,1/17/2024 0:37,0.00005,1/17/2024 0:37,0,1/17/2024 0:37,-1,1/17/2024 0:37,,1/17/2024 0:37,-2,No response,1/17/2024 0:37,Inactive,Active,0
280,1/17/2024 0:40,Off Mode,19.4,22.5,0,1/17/2024 0:39,0.000047,1/17/2024 0:39,0,1/17/2024 0:39,-1,1/17/2024 0:39,,1/17/2024 0:39,-2,No response,1/17/2024 0:39,Inactive,Active,0
281,1/17/2024 0:42,Off Mode,20.4,22.5,0,1/17/2024 0:41,0.000039,1/17/2024 0:41,0,1/17/2024 0:40,-1,1/17/2024 0:40,,1/17/2024 0:40,-2,No response,1/17/2024 0:41,Inactive,Active,0
282,1/17/2024 0:44,Off Mode,21.4,22.5,0,1/17/2024 0:42,0.000049,1/17/2024 0:42,0,1/17/2024 0:42,-1,1/17/2024 0:42,,1/17/2024 0:42,-2,No response,1/17/2024 0:42,Inactive,Active,0
283,1/17/2024 0:45,Off Mode,22,22.5,0,1/17/2024 0:44,0.000048,1/17/2024 0:44,0,1/17/2024 0:44,-1,1/17/2024 0:44,,1/17/2024 0:44,-2,No response,1/17/2024 0:44,Inactive,Active,0
284,1/17/2024 0:47,Off Mode,22.6,22.6,0,1/17/2024 0:46,0.000048,1/17/2024 0:46,0,1/17/2024 0:46,-1,1/17/2024 0:46,,1/17/2024 0:46,-2,No response,1/17/2024 0:46,Inactive,Active,0
285,1/17/2024 0:49,Off Mode,23.2,22.6,0,1/17/2024 0:48,0.00004,1/17/2024 0:48,0,1/17/2024 0:47,-1,1/17/2024 0:47,,1/17/2024 0:47,-2,No response,1/17/2024 0:48,Inactive,Active,0
286,1/17/2024 0:51,Off Mode,23.8,22.6,0,1/17/2024 0:49,0.000041,1/17/2024 0:49,0,1/17/2024 0:49,-1,1/17/2024 0:49,,1/17/2024 0:49,-2,No response,1/17/2024 0:49,Inactive,Active,0
287,1/17/2024 0:52,Off Mode,24.4,22.6,0,1/17/2024 0:51,0.000045,1/17/2024 0:51,0,1/17/2024 0:51,-1,1/17/2024 0:51,,1/17/2024 0:51,-2,No response,1/17/2024 0:51,Inactive,Active,0
288,1/17/2024 0:54,Off Mode,24.9,22.6,0,1/17/2024 0:53,0.000049,1/17/2024 0:53,0,1/17/2024 0:53,-1,1/17/2024 0:52,,1/17/2024 0:52,-2,No response,1/17/2024 0:53,Inactive,Active,0
289,1/17/2024 0:56,Off Mode,25.4,22.6,0,1/17/2024 0:55,0.000046,1/17/2024 0:55,0,1/17/2024 0:54,-1,1/17/2024 0:54,,1/17/2024 0:54,-2,No response,1/17/2024 0:54,Inactive,Active,0
290,1/17/2024 0:57,Off Mode,25.9,22.7,0,1/17/2024 0:56,0.000046,1/17/2024 0:56,0,1/17/2024 0:56,-1,1/17/2024 0:56,,1/17/2024 0:56,-2,No response,1/17/2024 0:56,Inactive,Active,0
291,1/17/2024 0:59,Off Mode,26.4,22.7,0,1/17/2024 0:58,0.000045,1/17/2024 0:58,0,1/17/2024 0:58,-1,1/17/2024 0:58,,1/17/2024 0:58,-2,No response,1/17/2024 0:58,Inactive,Active,0
292,1/17/2024 1:01,Off Mode,26.8,22.7,0,1/17/2024 1:00,0.000046,1/17/2024 1:00,0,1/17/2024 0:59,-1,1/17/2024 0:59,,1/17/2024 0:59,-2,No response,1/17/2024 1:00,Inactive,Active,0
293,1/17/2024 1:03,Off Mode,27.2,22.7,0,1/17/2024 1:01,0.000051,1/17/2024 1:01,0,1/17/2024 1:01,-1,1/17/2024 1:01,,1/17/2024 1:01,-2,No response,1/17/2024 1:01,Inactive,Active,0
294,1/17/2024 1:04,Off Mode,27.6,22.7,0,1/17/2024 1:03,0.000047,1/17/2024 1:03,0,1/17/2024 1:03,-1,1/17/2024 1:03,,1/17/2024 1:03,-2,No response,1/17/2024 1:03,Inactive,Active,0
295,1/17/2024 1:06,Off Mode,28,22.8,0,1/17/2024 1:05,0.000051,1/17/2024 1:05,0,1/17/2024 1:05,-1,1/17/2024 1:04,,1/17/2024 1:04,-2,No response,1/17/2024 1:05,Inactive,Active,0
296,1/17/2024 1:08,Off Mode,28.4,22.8,0,1/17/2024 1:07,0.000048,1/17/2024 1:07,0,1/17/2024 1:06,-1,1/17/2024 1:06,,1/17/2024 1:06,-2,No response,1/17/2024 1:06,Inactive,Active,0
297,1/17/2024 1:10,Off Mode,28.7,22.8,0,1/17/2024 1:08,0.000044,1/17/2024 1:08,0,1/17/2024 1:08,-1,1/17/2024 1:08,,1/17/2024 1:08,-2,No response,1/17/2024 1:08,Inactive,Active,0
298,1/17/2024 1:11,Off Mode,29.1,22.8,0,1/17/2024 1:10,0.000043,1/17/2024 1:10,0,1/17/2024 1:10,-1,1/17/2024 1:10,,1/17/2024 1:10,-2,No response,1/17/2024 1:10,Inactive,Active,0
299,1/17/2024 1:13,Off Mode,29.4,22.8,0,1/17/2024 1:12,0.000048,1/17/2024 1:12,0,1/17/2024 1:11,-1,1/17/2024 1:11,,1/17/2024 1:11,-2,No response,1/17/2024 1:12,Inactive,Active,0
300,1/17/2024 1:15,Off Mode,29.7,22.9,0,1/17/2024 1:13,0.000049,1/17/2024 1:13,0,1/17/2024 1:13,-1,1/17/2024 1:13,,1/17/2024 1:13,-2,No response,1/17/2024 1:13,Inactive,Active,0
301,1/17/2024 1:16,Off Mode,30,22.9,0,1/17/2024 1:15,0.000045,1/17/2024 1:15,0,1/17/2024 1:15,-1,1/17/2024 1:15,,1/17/2024 1:15,-2,No response,1/17/2024 1:15,Inactive,Active,0
302,1/17/2024 1:18,Off Mode,30.3,22.9,0,1/17/2024 1:17,0.000051,1/17/2024 1:17,0,1/17/2024 1:17,-1,1/17/2024 1:17,,1/17/2024 1:17,-2,No response,1/17/2024 1:17,Inactive,Active,0
303,1/17/2024 1:20,Off Mode,30.6,22.9,0,1/17/2024 1:19,0.000049,1/17/2024 1:19,0,1/17/2024 1:18,-1,1/17/2024 1:18,,1/17/2024 1:18,-2,No response,1/17/2024 1:18,Inactive,Active,0
304,1/17/2024 1:22,Off Mode,30.9,22.9,0,1/17/2024 1:20,0.000049,1/17/2024 1:20,0,1/17/2024 1:20,-1,1/17/2024 1:20,,1/17/2024 1:20,-2,No response,1/17/2024 1:20,Inactive,Active,0
305,1/17/2024 1:23,Off Mode,31.1,22.9,0,1/17/2024 1:22,0.000046,1/17/2024 1:22,0,1/17/2024 1:22,-1,1/17/2024 1:22,,1/17/2024 1:22,-2,No response,1/17/2024 1:22,Inactive,Active,0
306,1/17/2024 1:25,Off Mode,31.4,23,0,1/17/2024 1:24,0.00005,1/17/2024 1:24,0,1/17/2024 1:23,-1,1/17/2024 1:23,,1/17/2024 1:23,-2,No response,1/17/2024 1:24,Inactive,Active,0
307,1/17/2024 1:27,Off Mode,31.7,23,0,1/17/2024 1:25,0.00005,1/17/2024 1:25,0,1/17/2024 1:25,-1,1/17/2024 1:25,,1/17/2024 1:25,-2,No response,1/17/2024 1:25,Inactive,Active,0
308,1/17/2024 1:28,Off Mode,31.9,23,0,1/17/2024 1:27,0.000048,1/17/2024 1:27,0,1/17/2024 1:27,-1,1/17/2024 1:27,,1/17/2024 1:27,-2,No response,1/17/2024 1:27,Inactive,Active,0
309,1/17/2024 1:30,Off Mode,32.2,23,0,1/17/2024 1:29,0.000051,1/17/2024 1:29,0,1/17/2024 1:29,-1,1/17/2024 1:29,,1/17/2024 1:29,-2,No response,1/17/2024 1:29,Inactive,Active,0
310,1/17/2024 1:32,Off Mode,32.4,23,0,1/17/2024 1:31,0.000048,1/17/2024 1:31,0,1/17/2024 1:30,-1,1/17/2024 1:30,,1/17/2024 1:30,-2,No response,1/17/2024 1:31,Inactive,Active,0
311,1/17/2024 1:34,Off Mode,32.6,23.1,0,1/17/2024 1:32,0.00005,1/17/2024 1:32,0,1/17/2024 1:32,-1,1/17/2024 1:32,,1/17/2024 1:32,-2,No response,1/17/2024 1:32,Inactive,Active,0
312,1/17/2024 1:35,Off Mode,32.9,23.1,0,1/17/2024 1:34,0.000051,1/17/2024 1:34,0,1/17/2024 1:34,-1,1/17/2024 1:34,,1/17/2024 1:34,-2,No response,1/17/2024 1:34,Inactive,Active,0
313,1/17/2024 1:37,Off Mode,33.1,23.1,0,1/17/2024 1:36,0.000046,1/17/2024 1:36,0,1/17/2024 1:35,-1,1/17/2024 1:35,,1/17/2024 1:35,-2,No response,1/17/2024 1:36,Inactive,Active,0
314,1/17/2024 1:39,Off Mode,33.4,23.1,0,1/17/2024 1:37,0.000045,1/17/2024 1:37,0,1/17/2024 1:37,-1,1/17/2024 1:37,,1/17/2024 1:37,-2,No response,1/17/2024 1:37,Inactive,Active,0
315,1/17/2024 1:40,Off Mode,33.6,23.1,0,1/17/2024 1:39,0.000041,1/17/2024 1:39,0,1/17/2024 1:39,-1,1/17/2024 1:39,,1/17/2024 1:39,-2,No response,1/17/2024 1:39,Inactive,Active,0
316,1/17/2024 1:42,Off Mode,33.8,23.1,0,1/17/2024 1:41,0.000049,1/17/2024 1:41,0,1/17/2024 1:41,-1,1/17/2024 1:41,,1/17/2024 1:41,-2,No response,1/17/2024 1:41,Inactive,Active,0
317,1/17/2024 1:44,Off Mode,34,23.2,0,1/17/2024 1:43,0.000048,1/17/2024 1:43,0,1/17/2024 1:42,-1,1/17/2024 1:42,,1/17/2024 1:42,-2,No response,1/17/2024 1:43,Inactive,Active,0
318,1/17/2024 1:46,Off Mode,34.2,23.2,0,1/17/2024 1:44,0.00005,1/17/2024 1:44,0,1/17/2024 1:44,-1,1/17/2024 1:44,,1/17/2024 1:44,-2,No response,1/17/2024 1:44,Inactive,Active,0
319,1/17/2024 1:47,Off Mode,34.4,23.2,0,1/17/2024 1:46,0.000044,1/17/2024 1:46,0,1/17/2024 1:46,-1,1/17/2024 1:46,,1/17/2024 1:46,-2,No response,1/17/2024 1:46,Inactive,Active,0
320,1/17/2024 1:49,Off Mode,34.5,23.2,0,1/17/2024 1:48,0.000044,1/17/2024 1:48,0,1/17/2024 1:47,-1,1/17/2024 1:47,,1/17/2024 1:47,-2,No response,1/17/2024 1:48,Inactive,Active,0
321,1/17/2024 1:51,Off Mode,34.7,23.2,0,1/17/2024 1:49,0.000047,1/17/2024 1:49,0,1/17/2024 1:49,-1,1/17/2024 1:49,,1/17/2024 1:49,-2,No response,1/17/2024 1:49,Inactive,Active,0
322,1/17/2024 1:52,Off Mode,34.9,23.2,0,1/17/2024 1:51,0.000043,1/17/2024 1:51,0,1/17/2024 1:51,-1,1/17/2024 1:51,,1/17/2024 1:51,-2,No response,1/17/2024 1:51,Inactive,Active,0
323,1/17/2024 1:54,Off Mode,35,23.3,0,1/17/2024 1:53,0.00005,1/17/2024 1:53,0,1/17/2024 1:53,-1,1/17/2024 1:53,,1/17/2024 1:53,-2,No response,1/17/2024 1:53,Inactive,Active,0
324,1/17/2024 1:56,Off Mode,35.2,23.3,0,1/17/2024 1:55,0.000049,1/17/2024 1:55,0,1/17/2024 1:54,-1,1/17/2024 1:54,,1/17/2024 1:54,-2,No response,1/17/2024 1:55,Inactive,Active,0
325,1/17/2024 1:58,Off Mode,35.4,23.3,0,1/17/2024 1:56,0.000048,1/17/2024 1:56,0,1/17/2024 1:56,-1,1/17/2024 1:56,,1/17/2024 1:56,-2,No response,1/17/2024 1:56,Inactive,Active,0
326,1/17/2024 1:59,Off Mode,35.5,23.3,0,1/17/2024 1:58,0.000049,1/17/2024 1:58,0,1/17/2024 1:58,-1,1/17/2024 1:58,,1/17/2024 1:58,-2,No response,1/17/2024 1:58,Inactive,Active,0
327,1/17/2024 2:01,Off Mode,35.7,23.3,0,1/17/2024 2:00,0.00004,1/17/2024 2:00,0,1/17/2024 1:59,-1,1/17/2024 1:59,,1/17/2024 1:59,-2,No response,1/17/2024 2:00,Inactive,Active,0
328,1/17/2024 2:03,Off Mode,35.8,23.3,0,1/17/2024 2:02,0.000046,1/17/2024 2:02,0,1/17/2024 2:01,-1,1/17/2024 2:01,,1/17/2024 2:01,-2,No response,1/17/2024 2:01,Inactive,Active,0
329,1/17/2024 2:04,Off Mode,35.9,23.4,0,1/17/2024 2:03,0.000046,1/17/2024 2:03,0,1/17/2024 2:03,-1,1/17/2024 2:03,,1/17/2024 2:03,-2,No response,1/17/2024 2:03,Inactive,Active,0
330,1/17/2024 2:06,Off Mode,36.1,23.4,0,1/17/2024 2:05,0.000048,1/17/2024 2:05,0,1/17/2024 2:05,-1,1/17/2024 2:05,,1/17/2024 2:05,-2,No response,1/17/2024 2:05,Inactive,Active,0
331,1/17/2024 2:08,Off Mode,36.2,23.4,0,1/17/2024 2:07,0.000044,1/17/2024 2:07,0,1/17/2024 2:06,-1,1/17/2024 2:06,,1/17/2024 2:06,-2,No response,1/17/2024 2:07,Inactive,Active,0
332,1/17/2024 2:10,Off Mode,36.4,23.4,0,1/17/2024 2:08,0.000053,1/17/2024 2:08,0,1/17/2024 2:08,-1,1/17/2024 2:08,,1/17/2024 2:08,-2,No response,1/17/2024 2:08,Inactive,Active,0
333,1/17/2024 2:11,Off Mode,36.5,23.4,0,1/17/2024 2:10,0.000046,1/17/2024 2:10,0,1/17/2024 2:10,-1,1/17/2024 2:10,,1/17/2024 2:10,-2,No response,1/17/2024 2:10,Inactive,Active,0
334,1/17/2024 2:13,Off Mode,36.6,23.4,0,1/17/2024 2:12,0.000042,1/17/2024 2:12,0,1/17/2024 2:11,-1,1/17/2024 2:11,,1/17/2024 2:11,-2,No response,1/17/2024 2:12,Inactive,Active,0
335,1/17/2024 2:15,Off Mode,36.7,23.5,0,1/17/2024 2:14,0.000041,1/17/2024 2:14,0,1/17/2024 2:13,-1,1/17/2024 2:13,,1/17/2024 2:13,-2,No response,1/17/2024 2:13,Inactive,Active,0
336,1/17/2024 2:16,Off Mode,36.9,23.5,0,1/17/2024 2:15,0.000051,1/17/2024 2:15,0,1/17/2024 2:15,-1,1/17/2024 2:15,,1/17/2024 2:15,-2,No response,1/17/2024 2:15,Inactive,Active,0
337,1/17/2024 2:18,Off Mode,37,23.5,0,1/17/2024 2:17,0.000043,1/17/2024 2:17,0,1/17/2024 2:17,-1,1/17/2024 2:17,,1/17/2024 2:17,-2,No response,1/17/2024 2:17,Inactive,Active,0
338,1/17/2024 2:20,Off Mode,37.2,23.5,0,1/17/2024 2:19,0.000046,1/17/2024 2:19,0,1/17/2024 2:18,-1,1/17/2024 2:18,,1/17/2024 2:18,-2,No response,1/17/2024 2:19,Inactive,Active,0
339,1/17/2024 2:22,Off Mode,37.3,23.5,0,1/17/2024 2:20,0.000044,1/17/2024 2:20,0,1/17/2024 2:20,-1,1/17/2024 2:20,,1/17/2024 2:20,-2,No response,1/17/2024 2:20,Inactive,Active,0
340,1/17/2024 2:23,Off Mode,37.4,23.5,0,1/17/2024 2:22,0.000047,1/17/2024 2:22,0,1/17/2024 2:22,-1,1/17/2024 2:22,,1/17/2024 2:22,-2,No response,1/17/2024 2:22,Inactive,Active,0
341,1/17/2024 2:25,Off Mode,37.5,23.5,0,1/17/2024 2:24,0.00004,1/17/2024 2:24,0,1/17/2024 2:24,-1,1/17/2024 2:23,,1/17/2024 2:23,-2,No response,1/17/2024 2:24,Inactive,Active,0
342,1/17/2024 2:27,Off Mode,37.6,23.5,0,1/17/2024 2:26,0.000045,1/17/2024 2:26,0,1/17/2024 2:25,-1,1/17/2024 2:25,,1/17/2024 2:25,-2,No response,1/17/2024 2:25,Inactive,Active,0
343,1/17/2024 2:28,Off Mode,37.8,23.6,0,1/17/2024 2:27,0.000044,1/17/2024 2:27,0,1/17/2024 2:27,-1,1/17/2024 2:27,,1/17/2024 2:27,-2,No response,1/17/2024 2:27,Inactive,Active,0
344,1/17/2024 2:30,Off Mode,37.9,23.6,0,1/17/2024 2:29,0.000045,1/17/2024 2:29,0,1/17/2024 2:29,-1,1/17/2024 2:29,,1/17/2024 2:29,-2,No response,1/17/2024 2:29,Inactive,Active,0
345,1/17/2024 2:32,Off Mode,38.1,23.6,0,1/17/2024 2:31,0.000045,1/17/2024 2:31,0,1/17/2024 2:30,-1,1/17/2024 2:30,,1/17/2024 2:30,-2,No response,1/17/2024 2:31,Inactive,Active,0
346,1/17/2024 2:34,Off Mode,38.2,23.6,0,1/17/2024 2:32,0.000044,1/17/2024 2:32,0,1/17/2024 2:32,-1,1/17/2024 2:32,,1/17/2024 2:32,-2,No response,1/17/2024 2:32,Inactive,Active,0
347,1/17/2024 2:35,Off Mode,38.3,23.6,0,1/17/2024 2:34,0.000047,1/17/2024 2:34,0,1/17/2024 2:34,-1,1/17/2024 2:34,,1/17/2024 2:34,-2,No response,1/17/2024 2:34,Inactive,Active,0
348,1/17/2024 2:37,Off Mode,38.4,23.6,0,1/17/2024 2:36,0.000046,1/17/2024 2:36,0,1/17/2024 2:36,-1,1/17/2024 2:35,,1/17/2024 2:35,-2,No response,1/17/2024 2:36,Inactive,Active,0
349,1/17/2024 2:39,Off Mode,38.6,23.6,0,1/17/2024 2:38,0.000047,1/17/2024 2:38,0,1/17/2024 2:37,-1,1/17/2024 2:37,,1/17/2024 2:37,-2,No response,1/17/2024 2:37,Inactive,Active,0
350,1/17/2024 2:41,Off Mode,38.7,23.7,0,1/17/2024 2:39,0.000042,1/17/2024 2:39,0,1/17/2024 2:39,-1,1/17/2024 2:39,,1/17/2024 2:39,-2,No response,1/17/2024 2:39,Inactive,Active,0
351,1/17/2024 2:42,Off Mode,38.8,23.7,0,1/17/2024 2:41,0.000049,1/17/2024 2:41,0,1/17/2024 2:41,-1,1/17/2024 2:41,,1/17/2024 2:41,-2,No response,1/17/2024 2:41,Inactive,Active,0
352,1/17/2024 2:44,Off Mode,39,23.7,0,1/17/2024 2:43,0.000048,1/17/2024 2:43,0,1/17/2024 2:42,-1,1/17/2024 2:42,,1/17/2024 2:42,-2,No response,1/17/2024 2:43,Inactive,Active,0
353,1/17/2024 2:46,Off Mode,39.1,23.7,0,1/17/2024 2:44,0.000049,1/17/2024 2:44,0,1/17/2024 2:44,-1,1/17/2024 2:44,,1/17/2024 2:44,-2,No response,1/17/2024 2:44,Inactive,Active,0
354,1/17/2024 2:47,Off Mode,39.2,23.7,0,1/17/2024 2:46,0.00004,1/17/2024 2:46,0,1/17/2024 2:46,-1,1/17/2024 2:46,,1/17/2024 2:46,-2,No response,1/17/2024 2:46,Inactive,Active,0
355,1/17/2024 2:49,Off Mode,39.3,23.7,0,1/17/2024 2:48,0.000048,1/17/2024 2:48,0,1/17/2024 2:48,-1,1/17/2024 2:47,,1/17/2024 2:47,-2,No response,1/17/2024 2:48,Inactive,Active,0
356,1/17/2024 2:51,Off Mode,39.5,23.7,0,1/17/2024 2:50,0.000048,1/17/2024 2:50,0,1/17/2024 2:49,-1,1/17/2024 2:49,,1/17/2024 2:49,-2,No response,1/17/2024 2:49,Inactive,Active,0
357,1/17/2024 2:53,Off Mode,39.6,23.7,0,1/17/2024 2:51,0.000046,1/17/2024 2:51,0,1/17/2024 2:51,-1,1/17/2024 2:51,,1/17/2024 2:51,-2,No response,1/17/2024 2:51,Inactive,Active,0
358,1/17/2024 2:54,Off Mode,39.7,23.7,0,1/17/2024 2:53,0.000048,1/17/2024 2:53,0,1/17/2024 2:53,-1,1/17/2024 2:53,,1/17/2024 2:53,-2,No response,1/17/2024 2:53,Inactive,Active,0
359,1/17/2024 2:56,Off Mode,39.8,23.8,0,1/17/2024 2:55,0.000042,1/17/2024 2:55,0,1/17/2024 2:54,-1,1/17/2024 2:54,,1/17/2024 2:54,-2,No response,1/17/2024 2:55,Inactive,Active,0
360,1/17/2024 2:58,Off Mode,39.9,23.8,0,1/17/2024 2:56,0.000045,1/17/2024 2:56,0,1/17/2024 2:56,-1,1/17/2024 2:56,,1/17/2024 2:56,-2,No response,1/17/2024 2:56,Inactive,Active,0
361,1/17/2024 2:59,Off Mode,40,23.8,0,1/17/2024 2:58,0.000048,1/17/2024 2:58,0,1/17/2024 2:58,-1,1/17/2024 2:58,,1/17/2024 2:58,-2,No response,1/17/2024 2:58,Inactive,Active,0
362,1/17/2024 3:01,Off Mode,40.1,23.8,0,1/17/2024 3:00,0.000049,1/17/2024 3:00,0,1/17/2024 3:00,-1,1/17/2024 3:00,,1/17/2024 3:00,-2,No response,1/17/2024 3:00,Inactive,Active,0
363,1/17/2024 3:03,Off Mode,40.2,23.8,0,1/17/2024 3:02,0.000051,1/17/2024 3:02,0,1/17/2024 3:01,-1,1/17/2024 3:01,,1/17/2024 3:01,-2,No response,1/17/2024 3:01,Inactive,Active,0
364,1/17/2024 3:05,Off Mode,40.3,23.8,0,1/17/2024 3:03,0.000048,1/17/2024 3:03,0,1/17/2024 3:03,-1,1/17/2024 3:03,,1/17/2024 3:03,-2,No response,1/17/2024 3:03,Inactive,Active,0
365,1/17/2024 3:06,Off Mode,40.4,23.8,0,1/17/2024 3:05,0.000045,1/17/2024 3:05,0,1/17/2024 3:05,-1,1/17/2024 3:05,,1/17/2024 3:05,-2,No response,1/17/2024 3:05,Inactive,Active,0
366,1/17/2024 3:08,Off Mode,40.5,23.9,0,1/17/2024 3:07,0.000045,1/17/2024 3:07,0,1/17/2024 3:06,-1,1/17/2024 3:06,,1/17/2024 3:06,-2,No response,1/17/2024 3:07,Inactive,Active,0
367,1/17/2024 3:10,Off Mode,40.6,23.8,0,1/17/2024 3:08,0.000051,1/17/2024 3:08,0,1/17/2024 3:08,-1,1/17/2024 3:08,,1/17/2024 3:08,-2,No response,1/17/2024 3:08,Inactive,Active,0
368,1/17/2024 3:11,Off Mode,40.7,23.9,0,1/17/2024 3:10,0.000045,1/17/2024 3:10,0,1/17/2024 3:10,-1,1/17/2024 3:10,,1/17/2024 3:10,-2,No response,1/17/2024 3:10,Inactive,Active,0
369,1/17/2024 3:13,Off Mode,40.8,23.9,0,1/17/2024 3:12,0.000045,1/17/2024 3:12,0,1/17/2024 3:12,-1,1/17/2024 3:12,,1/17/2024 3:12,-2,No response,1/17/2024 3:12,Inactive,Active,0
370,1/17/2024 3:15,Off Mode,40.9,23.9,0,1/17/2024 3:14,0.000048,1/17/2024 3:14,0,1/17/2024 3:13,-1,1/17/2024 3:13,,1/17/2024 3:13,-2,No response,1/17/2024 3:14,Inactive,Active,0
371,1/17/2024 3:17,Off Mode,41,23.9,0,1/17/2024 3:15,0.000054,1/17/2024 3:15,0,1/17/2024 3:15,-1,1/17/2024 3:15,,1/17/2024 3:15,-2,No response,1/17/2024 3:15,Inactive,Active,0
372,1/17/2024 3:18,Off Mode,41.1,23.9,0,1/17/2024 3:17,0.000043,1/17/2024 3:17,0,1/17/2024 3:17,-1,1/17/2024 3:17,,1/17/2024 3:17,-2,No response,1/17/2024 3:17,Inactive,Active,0
373,1/17/2024 3:20,Off Mode,41.2,23.9,0,1/17/2024 3:19,0.000048,1/17/2024 3:19,0,1/17/2024 3:18,-1,1/17/2024 3:18,,1/17/2024 3:18,-2,No response,1/17/2024 3:19,Inactive,Active,0
374,1/17/2024 3:22,Off Mode,41.2,23.9,0,1/17/2024 3:20,0.000049,1/17/2024 3:20,0,1/17/2024 3:20,-1,1/17/2024 3:20,,1/17/2024 3:20,-2,No response,1/17/2024 3:20,Inactive,Active,0
375,1/17/2024 3:23,Off Mode,41.3,23.9,0,1/17/2024 3:22,0.000048,1/17/2024 3:22,0,1/17/2024 3:22,-1,1/17/2024 3:22,,1/17/2024 3:22,-2,No response,1/17/2024 3:22,Inactive,Active,0
376,1/17/2024 3:25,Off Mode,41.4,24,0,1/17/2024 3:24,0.000042,1/17/2024 3:24,0,1/17/2024 3:24,-1,1/17/2024 3:24,,1/17/2024 3:24,-2,No response,1/17/2024 3:24,Inactive,Active,0
377,1/17/2024 3:27,Off Mode,41.5,24,0,1/17/2024 3:26,0.00004,1/17/2024 3:26,0,1/17/2024 3:25,-1,1/17/2024 3:25,,1/17/2024 3:25,-2,No response,1/17/2024 3:26,Inactive,Active,0
378,1/17/2024 3:29,Off Mode,41.6,24,0,1/17/2024 3:27,0.000045,1/17/2024 3:27,0,1/17/2024 3:27,-1,1/17/2024 3:27,,1/17/2024 3:27,-2,No response,1/17/2024 3:27,Inactive,Active,0
379,1/17/2024 3:30,Off Mode,41.7,24,0,1/17/2024 3:29,0.000046,1/17/2024 3:29,0,1/17/2024 3:29,-1,1/17/2024 3:29,,1/17/2024 3:29,-2,No response,1/17/2024 3:29,Inactive,Active,0
380,1/17/2024 3:32,Off Mode,41.7,24,0,1/17/2024 3:31,0.00005,1/17/2024 3:31,0,1/17/2024 3:30,-1,1/17/2024 3:30,,1/17/2024 3:30,-2,No response,1/17/2024 3:31,Inactive,Active,0
381,1/17/2024 3:34,Off Mode,41.8,24,0,1/17/2024 3:33,0.000044,1/17/2024 3:33,0,1/17/2024 3:32,-1,1/17/2024 3:32,,1/17/2024 3:32,-2,No response,1/17/2024 3:32,Inactive,Active,0
382,1/17/2024 3:35,Off Mode,41.9,24,0,1/17/2024 3:34,0.000048,1/17/2024 3:34,0,1/17/2024 3:34,-1,1/17/2024 3:34,,1/17/2024 3:34,-2,No response,1/17/2024 3:34,Inactive,Active,0
383,1/17/2024 3:37,Off Mode,42,24,0,1/17/2024 3:36,0.000042,1/17/2024 3:36,0,1/17/2024 3:36,-1,1/17/2024 3:36,,1/17/2024 3:36,-2,No response,1/17/2024 3:36,Inactive,Active,0
384,1/17/2024 3:39,Off Mode,42.1,24,0,1/17/2024 3:38,0.000047,1/17/2024 3:38,0,1/17/2024 3:37,-1,1/17/2024 3:37,,1/17/2024 3:37,-2,No response,1/17/2024 3:38,Inactive,Active,0
385,1/17/2024 3:41,Off Mode,42.2,24,0,1/17/2024 3:39,0.000045,1/17/2024 3:39,0,1/17/2024 3:39,-1,1/17/2024 3:39,,1/17/2024 3:39,-2,No response,1/17/2024 3:39,Inactive,Active,0
386,1/17/2024 3:42,Off Mode,42.2,24,0,1/17/2024 3:41,0.000044,1/17/2024 3:41,0,1/17/2024 3:41,-1,1/17/2024 3:41,,1/17/2024 3:41,-2,No response,1/17/2024 3:41,Inactive,Active,0
387,1/17/2024 3:44,Off Mode,42.3,24,0,1/17/2024 3:43,0.000045,1/17/2024 3:43,0,1/17/2024 3:43,-1,1/17/2024 3:42,,1/17/2024 3:42,-2,No response,1/17/2024 3:43,Inactive,Active,0
388,1/17/2024 3:46,Off Mode,42.4,24.1,0,1/17/2024 3:45,0.000043,1/17/2024 3:45,0,1/17/2024 3:44,-1,1/17/2024 3:44,,1/17/2024 3:44,-2,No response,1/17/2024 3:44,Inactive,Active,0
389,1/17/2024 3:48,Off Mode,42.5,24.1,0,1/17/2024 3:46,0.000044,1/17/2024 3:46,0,1/17/2024 3:46,-1,1/17/2024 3:46,,1/17/2024 3:46,-2,No response,1/17/2024 3:46,Inactive,Active,0
390,1/17/2024 3:49,Off Mode,42.5,24.1,0,1/17/2024 3:48,0.000042,1/17/2024 3:48,0,1/17/2024 3:48,-1,1/17/2024 3:48,,1/17/2024 3:48,-2,No response,1/17/2024 3:48,Inactive,Active,0
391,1/17/2024 3:51,Off Mode,42.6,24.1,0,1/17/2024 3:50,0.00004,1/17/2024 3:50,0,1/17/2024 3:49,-1,1/17/2024 3:49,,1/17/2024 3:49,-2,No response,1/17/2024 3:50,Inactive,Active,0
392,1/17/2024 3:53,Off Mode,42.7,24.1,0,1/17/2024 3:51,0.000042,1/17/2024 3:51,0,1/17/2024 3:51,-1,1/17/2024 3:51,,1/17/2024 3:51,-2,No response,1/17/2024 3:51,Inactive,Active,0
393,1/17/2024 3:54,Off Mode,42.8,24.1,0,1/17/2024 3:53,0.000045,1/17/2024 3:53,0,1/17/2024 3:53,-1,1/17/2024 3:53,,1/17/2024 3:53,-2,No response,1/17/2024 3:53,Inactive,Active,0
394,1/17/2024 3:56,Off Mode,42.9,24.1,0,1/17/2024 3:55,0.000043,1/17/2024 3:55,0,1/17/2024 3:55,-1,1/17/2024 3:54,,1/17/2024 3:54,-2,No response,1/17/2024 3:55,Inactive,Active,0
395,1/17/2024 3:58,Off Mode,42.9,24.1,0,1/17/2024 3:57,0.000042,1/17/2024 3:57,0,1/17/2024 3:56,-1,1/17/2024 3:56,,1/17/2024 3:56,-2,No response,1/17/2024 3:56,Inactive,Active,0
396,1/17/2024 4:00,Off Mode,43,24.1,0,1/17/2024 3:58,0.000044,1/17/2024 3:58,0,1/17/2024 3:58,-1,1/17/2024 3:58,,1/17/2024 3:58,-2,No response,1/17/2024 3:58,Inactive,Active,0
397,1/17/2024 4:01,Off Mode,43.1,24.1,0,1/17/2024 4:00,0.000047,1/17/2024 4:00,0,1/17/2024 4:00,-1,1/17/2024 4:00,,1/17/2024 4:00,-2,No response,1/17/2024 4:00,Inactive,Active,0
398,1/17/2024 4:03,Off Mode,43.2,24.2,0,1/17/2024 4:02,0.000045,1/17/2024 4:02,0,1/17/2024 4:01,-1,1/17/2024 4:01,,1/17/2024 4:01,-2,No response,1/17/2024 4:02,Inactive,Active,0
399,1/17/2024 4:05,Off Mode,43.2,24.2,0,1/17/2024 4:03,0.000048,1/17/2024 4:03,0,1/17/2024 4:03,-1,1/17/2024 4:03,,1/17/2024 4:03,-2,No response,1/17/2024 4:03,Inactive,Active,0
400,1/17/2024 4:06,Off Mode,43.3,24.2,0,1/17/2024 4:05,0.000043,1/17/2024 4:05,0,1/17/2024 4:05,-1,1/17/2024 4:05,,1/17/2024 4:05,-2,No response,1/17/2024 4:05,Inactive,Active,0
401,1/17/2024 4:08,Off Mode,43.3,24.2,0,1/17/2024 4:07,0.000048,1/17/2024 4:07,0,1/17/2024 4:07,-1,1/17/2024 4:07,,1/17/2024 4:07,-2,No response,1/17/2024 4:07,Inactive,Active,0
402,1/17/2024 4:10,Off Mode,43.4,24.2,0,1/17/2024 4:09,0.000044,1/17/2024 4:09,0,1/17/2024 4:08,-1,1/17/2024 4:08,,1/17/2024 4:08,-2,No response,1/17/2024 4:08,Inactive,Active,0
403,1/17/2024 4:12,Off Mode,43.5,24.2,0,1/17/2024 4:10,0.000042,1/17/2024 4:10,0,1/17/2024 4:10,-1,1/17/2024 4:10,,1/17/2024 4:10,-2,No response,1/17/2024 4:10,Inactive,Active,0
404,1/17/2024 4:13,Off Mode,43.6,24.2,0,1/17/2024 4:12,0.00004,1/17/2024 4:12,0,1/17/2024 4:12,-1,1/17/2024 4:12,,1/17/2024 4:12,-2,No response,1/17/2024 4:12,Inactive,Active,0
405,1/17/2024 4:15,Off Mode,43.6,24.2,0,1/17/2024 4:14,0.000042,1/17/2024 4:14,0,1/17/2024 4:13,-1,1/17/2024 4:13,,1/17/2024 4:13,-2,No response,1/17/2024 4:14,Inactive,Active,0
406,1/17/2024 4:17,Off Mode,43.7,24.2,0,1/17/2024 4:15,0.00005,1/17/2024 4:15,0,1/17/2024 4:15,-1,1/17/2024 4:15,,1/17/2024 4:15,-2,No response,1/17/2024 4:15,Inactive,Active,0
407,1/17/2024 4:18,Off Mode,43.8,24.2,0,1/17/2024 4:17,0.000048,1/17/2024 4:17,0,1/17/2024 4:17,-1,1/17/2024 4:17,,1/17/2024 4:17,-2,No response,1/17/2024 4:17,Inactive,Active,0
408,1/17/2024 4:20,Off Mode,43.9,24.2,0,1/17/2024 4:19,0.000049,1/17/2024 4:19,0,1/17/2024 4:19,-1,1/17/2024 4:19,,1/17/2024 4:19,-2,No response,1/17/2024 4:19,Inactive,Active,0
409,1/17/2024 4:22,Off Mode,43.9,24.2,0,1/17/2024 4:21,0.000043,1/17/2024 4:21,0,1/17/2024 4:20,-1,1/17/2024 4:20,,1/17/2024 4:20,-2,No response,1/17/2024 4:21,Inactive,Active,0
410,1/17/2024 4:24,Off Mode,44,24.2,0,1/17/2024 4:22,0.00005,1/17/2024 4:22,0,1/17/2024 4:22,-1,1/17/2024 4:22,,1/17/2024 4:22,-2,No response,1/17/2024 4:22,Inactive,Active,0
411,1/17/2024 4:25,Off Mode,44.1,24.3,0,1/17/2024 4:24,0.000041,1/17/2024 4:24,0,1/17/2024 4:24,-1,1/17/2024 4:24,,1/17/2024 4:24,-2,No response,1/17/2024 4:24,Inactive,Active,0
412,1/17/2024 4:27,Off Mode,44.1,24.3,0,1/17/2024 4:26,0.000042,1/17/2024 4:26,0,1/17/2024 4:25,-1,1/17/2024 4:25,,1/17/2024 4:25,-2,No response,1/17/2024 4:26,Inactive,Active,0
413,1/17/2024 4:29,Off Mode,44.2,24.3,0,1/17/2024 4:27,0.000048,1/17/2024 4:27,0,1/17/2024 4:27,-1,1/17/2024 4:27,,1/17/2024 4:27,-2,No response,1/17/2024 4:27,Inactive,Active,0
414,1/17/2024 4:30,Off Mode,44.3,24.3,0,1/17/2024 4:29,0.000048,1/17/2024 4:29,0,1/17/2024 4:29,-1,1/17/2024 4:29,,1/17/2024 4:29,-2,No response,1/17/2024 4:29,Inactive,Active,0
415,1/17/2024 4:32,Off Mode,44.4,24.3,0,1/17/2024 4:31,0.000046,1/17/2024 4:31,0,1/17/2024 4:31,-1,1/17/2024 4:31,,1/17/2024 4:31,-2,No response,1/17/2024 4:31,Inactive,Active,0
416,1/17/2024 4:34,Off Mode,44.4,24.3,0,1/17/2024 4:33,0.000041,1/17/2024 4:33,0,1/17/2024 4:32,-1,1/17/2024 4:32,,1/17/2024 4:32,-2,No response,1/17/2024 4:33,Inactive,Active,0
417,1/17/2024 4:36,Off Mode,44.5,24.3,0,1/17/2024 4:34,0.000041,1/17/2024 4:34,0,1/17/2024 4:34,-1,1/17/2024 4:34,,1/17/2024 4:34,-2,No response,1/17/2024 4:34,Inactive,Active,0
418,1/17/2024 4:37,Off Mode,44.6,24.3,0,1/17/2024 4:36,0.000042,1/17/2024 4:36,0,1/17/2024 4:36,-1,1/17/2024 4:36,,1/17/2024 4:36,-2,No response,1/17/2024 4:36,Inactive,Active,0
419,1/17/2024 4:39,Off Mode,44.6,24.3,0,1/17/2024 4:38,0.000049,1/17/2024 4:38,0,1/17/2024 4:37,-1,1/17/2024 4:37,,1/17/2024 4:37,-2,No response,1/17/2024 4:38,Inactive,Active,0
420,1/17/2024 4:41,Off Mode,44.7,24.3,0,1/17/2024 4:39,0.000044,1/17/2024 4:39,0,1/17/2024 4:39,-1,1/17/2024 4:39,,1/17/2024 4:39,-2,No response,1/17/2024 4:39,Inactive,Active,0
421,1/17/2024 4:42,Off Mode,44.8,24.3,0,1/17/2024 4:41,0.000044,1/17/2024 4:41,0,1/17/2024 4:41,-1,1/17/2024 4:41,,1/17/2024 4:41,-2,No response,1/17/2024 4:41,Inactive,Active,0
422,1/17/2024 4:44,Off Mode,44.8,24.3,0,1/17/2024 4:43,0.000049,1/17/2024 4:43,0,1/17/2024 4:43,-1,1/17/2024 4:43,,1/17/2024 4:43,-2,No response,1/17/2024 4:43,Inactive,Active,0
423,1/17/2024 4:46,Off Mode,44.9,24.3,0,1/17/2024 4:45,0.000046,1/17/2024 4:45,0,1/17/2024 4:44,-1,1/17/2024 4:44,,1/17/2024 4:44,-2,No response,1/17/2024 4:45,Inactive,Active,0
424,1/17/2024 4:48,Off Mode,45,24.3,0,1/17/2024 4:46,0.000048,1/17/2024 4:46,0,1/17/2024 4:46,-1,1/17/2024 4:46,,1/17/2024 4:46,-2,No response,1/17/2024 4:46,Inactive,Active,0
425,1/17/2024 4:49,Off Mode,45.1,24.3,0,1/17/2024 4:48,0.000043,1/17/2024 4:48,0,1/17/2024 4:48,-1,1/17/2024 4:48,,1/17/2024 4:48,-2,No response,1/17/2024 4:48,Inactive,Active,0
426,1/17/2024 4:51,Off Mode,45.1,24.4,0,1/17/2024 4:50,0.000047,1/17/2024 4:50,0,1/17/2024 4:49,-1,1/17/2024 4:49,,1/17/2024 4:49,-2,No response,1/17/2024 4:50,Inactive,Active,0
427,1/17/2024 4:53,Off Mode,45.2,24.4,0,1/17/2024 4:51,0.000046,1/17/2024 4:51,0,1/17/2024 4:51,-1,1/17/2024 4:51,,1/17/2024 4:51,-2,No response,1/17/2024 4:51,Inactive,Active,0
428,1/17/2024 4:54,Off Mode,45.2,24.4,0,1/17/2024 4:53,0.000046,1/17/2024 4:53,0,1/17/2024 4:53,-1,1/17/2024 4:53,,1/17/2024 4:53,-2,No response,1/17/2024 4:53,Inactive,Active,0
429,1/17/2024 4:56,Off Mode,45.3,24.4,0,1/17/2024 4:55,0.000047,1/17/2024 4:55,0,1/17/2024 4:55,-1,1/17/2024 4:55,,1/17/2024 4:55,-2,No response,1/17/2024 4:55,Inactive,Active,0
430,1/17/2024 4:58,Off Mode,45.4,24.4,0,1/17/2024 4:57,0.000049,1/17/2024 4:57,0,1/17/2024 4:56,-1,1/17/2024 4:56,,1/17/2024 4:56,-2,No response,1/17/2024 4:57,Inactive,Active,0
431,1/17/2024 5:00,Off Mode,45.4,24.4,0,1/17/2024 4:58,0.000047,1/17/2024 4:58,0,1/17/2024 4:58,-1,1/17/2024 4:58,,1/17/2024 4:58,-2,No response,1/17/2024 4:58,Inactive,Active,0
432,1/17/2024 5:01,Off Mode,45.5,24.4,0,1/17/2024 5:00,0.000051,1/17/2024 5:00,0,1/17/2024 5:00,-1,1/17/2024 5:00,,1/17/2024 5:00,-2,No response,1/17/2024 5:00,Inactive,Active,0
433,1/17/2024 5:03,Off Mode,45.5,24.4,0,1/17/2024 5:02,0.000052,1/17/2024 5:02,0,1/17/2024 5:01,-1,1/17/2024 5:01,,1/17/2024 5:01,-2,No response,1/17/2024 5:02,Inactive,Active,0
434,1/17/2024 5:05,Off Mode,45.6,24.4,0,1/17/2024 5:04,0.000049,1/17/2024 5:04,0,1/17/2024 5:03,-1,1/17/2024 5:03,,1/17/2024 5:03,-2,No response,1/17/2024 5:03,Inactive,Active,0
435,1/17/2024 5:06,Off Mode,45.7,24.4,0,1/17/2024 5:05,0.000045,1/17/2024 5:05,0,1/17/2024 5:05,-1,1/17/2024 5:05,,1/17/2024 5:05,-2,No response,1/17/2024 5:05,Inactive,Active,0
436,1/17/2024 5:08,Off Mode,45.7,24.4,0,1/17/2024 5:07,0.000046,1/17/2024 5:07,0,1/17/2024 5:07,-1,1/17/2024 5:07,,1/17/2024 5:07,-2,No response,1/17/2024 5:07,Inactive,Active,0
437,1/17/2024 5:10,Off Mode,45.8,24.4,0,1/17/2024 5:09,0.000042,1/17/2024 5:09,0,1/17/2024 5:08,-1,1/17/2024 5:08,,1/17/2024 5:08,-2,No response,1/17/2024 5:09,Inactive,Active,0
438,1/17/2024 5:12,Off Mode,45.9,24.4,0,1/17/2024 5:10,0.000044,1/17/2024 5:10,0,1/17/2024 5:10,-1,1/17/2024 5:10,,1/17/2024 5:10,-2,No response,1/17/2024 5:10,Inactive,Active,0
439,1/17/2024 5:13,Off Mode,45.9,24.4,0,1/17/2024 5:12,0.000054,1/17/2024 5:12,0,1/17/2024 5:12,-1,1/17/2024 5:12,,1/17/2024 5:12,-2,No response,1/17/2024 5:12,Inactive,Active,0
440,1/17/2024 5:15,Off Mode,46,24.4,0,1/17/2024 5:14,0.000047,1/17/2024 5:14,0,1/17/2024 5:14,-1,1/17/2024 5:13,,1/17/2024 5:13,-2,No response,1/17/2024 5:14,Inactive,Active,0
441,1/17/2024 5:17,Off Mode,46,24.4,0,1/17/2024 5:16,0.000043,1/17/2024 5:16,0,1/17/2024 5:15,-1,1/17/2024 5:15,,1/17/2024 5:15,-2,No response,1/17/2024 5:15,Inactive,Active,0
442,1/17/2024 5:19,Off Mode,46.1,24.5,0,1/17/2024 5:17,0.000042,1/17/2024 5:17,0,1/17/2024 5:17,-1,1/17/2024 5:17,,1/17/2024 5:17,-2,No response,1/17/2024 5:17,Inactive,Active,0
443,1/17/2024 5:20,Off Mode,46.1,24.5,0,1/17/2024 5:19,0.000047,1/17/2024 5:19,0,1/17/2024 5:19,-1,1/17/2024 5:19,,1/17/2024 5:19,-2,No response,1/17/2024 5:19,Inactive,Active,0
444,1/17/2024 5:22,Off Mode,46.2,24.5,0,1/17/2024 5:21,0.000044,1/17/2024 5:21,0,1/17/2024 5:20,-1,1/17/2024 5:20,,1/17/2024 5:20,-2,No response,1/17/2024 5:21,Inactive,Active,0
445,1/17/2024 5:24,Off Mode,46.2,24.5,0,1/17/2024 5:22,0.000043,1/17/2024 5:22,0,1/17/2024 5:22,-1,1/17/2024 5:22,,1/17/2024 5:22,-2,No response,1/17/2024 5:22,Inactive,Active,0
446,1/17/2024 5:25,Off Mode,46.3,24.5,0,1/17/2024 5:24,0.00005,1/17/2024 5:24,0,1/17/2024 5:24,-1,1/17/2024 5:24,,1/17/2024 5:24,-2,No response,1/17/2024 5:24,Inactive,Active,0
447,1/17/2024 5:27,Off Mode,46.4,24.5,0,1/17/2024 5:26,0.000044,1/17/2024 5:26,0,1/17/2024 5:26,-1,1/17/2024 5:26,,1/17/2024 5:26,-2,No response,1/17/2024 5:26,Inactive,Active,0
448,1/17/2024 5:29,Off Mode,46.4,24.5,0,1/17/2024 5:28,0.000043,1/17/2024 5:28,0,1/17/2024 5:27,-1,1/17/2024 5:27,,1/17/2024 5:27,-2,No response,1/17/2024 5:27,Inactive,Active,0
449,1/17/2024 5:31,Off Mode,46.5,24.5,0,1/17/2024 5:29,0.000043,1/17/2024 5:29,0,1/17/2024 5:29,-1,1/17/2024 5:29,,1/17/2024 5:29,-2,No response,1/17/2024 5:29,Inactive,Active,0
450,1/17/2024 5:32,Off Mode,46.5,24.5,0,1/17/2024 5:31,0.000039,1/17/2024 5:31,0,1/17/2024 5:31,-1,1/17/2024 5:31,,1/17/2024 5:31,-2,No response,1/17/2024 5:31,Inactive,Active,0
451,1/17/2024 5:34,Off Mode,46.6,24.5,0,1/17/2024 5:33,0.000045,1/17/2024 5:33,0,1/17/2024 5:32,-1,1/17/2024 5:32,,1/17/2024 5:32,-2,No response,1/17/2024 5:33,Inactive,Active,0
452,1/17/2024 5:36,Off Mode,46.7,24.5,0,1/17/2024 5:34,0.000042,1/17/2024 5:34,0,1/17/2024 5:34,-1,1/17/2024 5:34,,1/17/2024 5:34,-2,No response,1/17/2024 5:34,Inactive,Active,0
453,1/17/2024 5:37,Off Mode,46.7,24.5,0,1/17/2024 5:36,0.000043,1/17/2024 5:36,0,1/17/2024 5:36,-1,1/17/2024 5:36,,1/17/2024 5:36,-2,No response,1/17/2024 5:36,Inactive,Active,0
454,1/17/2024 5:39,Off Mode,46.8,24.5,0,1/17/2024 5:38,0.000049,1/17/2024 5:38,0,1/17/2024 5:38,-1,1/17/2024 5:38,,1/17/2024 5:38,-2,No response,1/17/2024 5:38,Inactive,Active,0
455,1/17/2024 5:41,Off Mode,46.9,24.5,0,1/17/2024 5:40,0.000041,1/17/2024 5:40,0,1/17/2024 5:39,-1,1/17/2024 5:39,,1/17/2024 5:39,-2,No response,1/17/2024 5:39,Inactive,Active,0
456,1/17/2024 5:43,Off Mode,46.9,24.5,0,1/17/2024 5:41,0.000046,1/17/2024 5:41,0,1/17/2024 5:41,-1,1/17/2024 5:41,,1/17/2024 5:41,-2,No response,1/17/2024 5:41,Inactive,Active,0
457,1/17/2024 5:44,Off Mode,47,24.5,0,1/17/2024 5:43,0.000045,1/17/2024 5:43,0,1/17/2024 5:43,-1,1/17/2024 5:43,,1/17/2024 5:43,-2,No response,1/17/2024 5:43,Inactive,Active,0
458,1/17/2024 5:46,Off Mode,47.1,24.5,0,1/17/2024 5:45,0.000042,1/17/2024 5:45,0,1/17/2024 5:44,-1,1/17/2024 5:44,,1/17/2024 5:44,-2,No response,1/17/2024 5:45,Inactive,Active,0
459,1/17/2024 5:48,Off Mode,47.1,24.6,0,1/17/2024 5:46,0.000044,1/17/2024 5:46,0,1/17/2024 5:46,-1,1/17/2024 5:46,,1/17/2024 5:46,-2,No response,1/17/2024 5:46,Inactive,Active,0
460,1/17/2024 5:49,Off Mode,47.2,24.5,0,1/17/2024 5:48,0.000041,1/17/2024 5:48,0,1/17/2024 5:48,-1,1/17/2024 5:48,,1/17/2024 5:48,-2,No response,1/17/2024 5:48,Inactive,Active,0
461,1/17/2024 5:51,Off Mode,47.2,24.5,0,1/17/2024 5:50,0.000041,1/17/2024 5:50,0,1/17/2024 5:50,-1,1/17/2024 5:50,,1/17/2024 5:50,-2,No response,1/17/2024 5:50,Inactive,Active,0
462,1/17/2024 5:53,Off Mode,47.3,24.6,0,1/17/2024 5:52,0.00005,1/17/2024 5:52,0,1/17/2024 5:51,-1,1/17/2024 5:51,,1/17/2024 5:51,-2,No response,1/17/2024 5:52,Inactive,Active,0
463,1/17/2024 5:55,Off Mode,47.4,24.6,0,1/17/2024 5:53,0.000051,1/17/2024 5:53,0,1/17/2024 5:53,-1,1/17/2024 5:53,,1/17/2024 5:53,-2,No response,1/17/2024 5:53,Inactive,Active,0
464,1/17/2024 5:56,Off Mode,47.4,24.5,0,1/17/2024 5:55,0.000043,1/17/2024 5:55,0,1/17/2024 5:55,-1,1/17/2024 5:55,,1/17/2024 5:55,-2,No response,1/17/2024 5:55,Inactive,Active,0
465,1/17/2024 5:58,Off Mode,47.5,24.6,0,1/17/2024 5:57,0.000039,1/17/2024 5:57,0,1/17/2024 5:56,-1,1/17/2024 5:56,,1/17/2024 5:56,-2,No response,1/17/2024 5:57,Inactive,Active,0
466,1/17/2024 6:00,Off Mode,47.5,24.6,0,1/17/2024 5:58,0.000044,1/17/2024 5:58,0,1/17/2024 5:58,-1,1/17/2024 5:58,,1/17/2024 5:58,-2,No response,1/17/2024 5:58,Inactive,Active,0
467,1/17/2024 6:01,Off Mode,47.6,24.6,0,1/17/2024 6:00,0.00004,1/17/2024 6:00,0,1/17/2024 6:00,-1,1/17/2024 6:00,,1/17/2024 6:00,-2,No response,1/17/2024 6:00,Inactive,Active,0
468,1/17/2024 6:03,Off Mode,47.7,24.6,0,1/17/2024 6:02,0.000048,1/17/2024 6:02,0,1/17/2024 6:02,-1,1/17/2024 6:02,,1/17/2024 6:02,-2,No response,1/17/2024 6:02,Inactive,Active,0
469,1/17/2024 6:05,Off Mode,47.7,24.6,0,1/17/2024 6:04,0.000042,1/17/2024 6:04,0,1/17/2024 6:03,-1,1/17/2024 6:03,,1/17/2024 6:03,-2,No response,1/17/2024 6:04,Inactive,Active,0
470,1/17/2024 6:07,Off Mode,47.8,24.6,0,1/17/2024 6:05,0.000049,1/17/2024 6:05,0,1/17/2024 6:05,-1,1/17/2024 6:05,,1/17/2024 6:05,-2,No response,1/17/2024 6:05,Inactive,Active,0
471,1/17/2024 6:08,Off Mode,47.9,24.6,0,1/17/2024 6:07,0.000043,1/17/2024 6:07,0,1/17/2024 6:07,-1,1/17/2024 6:07,,1/17/2024 6:07,-2,No response,1/17/2024 6:07,Inactive,Active,0
472,1/17/2024 6:10,Off Mode,48,24.6,0,1/17/2024 6:09,0.000043,1/17/2024 6:09,0,1/17/2024 6:08,-1,1/17/2024 6:08,,1/17/2024 6:08,-2,No response,1/17/2024 6:09,Inactive,Active,0
473,1/17/2024 6:12,Off Mode,48.1,24.6,0,1/17/2024 6:11,0.000048,1/17/2024 6:11,0,1/17/2024 6:10,-1,1/17/2024 6:10,,1/17/2024 6:10,-2,No response,1/17/2024 6:10,Inactive,Active,0
474,1/17/2024 6:13,Off Mode,48.2,24.6,0,1/17/2024 6:12,0.000048,1/17/2024 6:12,0,1/17/2024 6:12,-1,1/17/2024 6:12,,1/17/2024 6:12,-2,No response,1/17/2024 6:12,Inactive,Active,0
475,1/17/2024 6:15,Off Mode,48.3,24.6,0,1/17/2024 6:14,0.000039,1/17/2024 6:14,0,1/17/2024 6:14,-1,1/17/2024 6:14,,1/17/2024 6:14,-2,No response,1/17/2024 6:14,Inactive,Active,0
476,1/17/2024 6:17,Off Mode,48.3,24.6,0,1/17/2024 6:16,0.000046,1/17/2024 6:16,0,1/17/2024 6:15,-1,1/17/2024 6:15,,1/17/2024 6:15,-2,No response,1/17/2024 6:16,Inactive,Active,0
477,1/17/2024 6:19,Off Mode,48.4,24.6,0,1/17/2024 6:17,0.000044,1/17/2024 6:17,0,1/17/2024 6:17,-1,1/17/2024 6:17,,1/17/2024 6:17,-2,No response,1/17/2024 6:17,Inactive,Active,0
478,1/17/2024 6:20,Off Mode,48.4,24.6,0,1/17/2024 6:19,0.000048,1/17/2024 6:19,0,1/17/2024 6:19,-1,1/17/2024 6:19,,1/17/2024 6:19,-2,No response,1/17/2024 6:19,Inactive,Active,0
479,1/17/2024 6:22,Off Mode,48.5,24.6,0,1/17/2024 6:21,0.000042,1/17/2024 6:21,0,1/17/2024 6:21,-1,1/17/2024 6:20,,1/17/2024 6:20,-2,No response,1/17/2024 6:21,Inactive,Active,0
480,1/17/2024 6:24,Off Mode,48.6,24.6,0,1/17/2024 6:23,0.000047,1/17/2024 6:23,0,1/17/2024 6:22,-1,1/17/2024 6:22,,1/17/2024 6:22,-2,No response,1/17/2024 6:22,Inactive,Active,0
481,1/17/2024 6:26,Off Mode,48.6,24.6,0,1/17/2024 6:24,0.000043,1/17/2024 6:24,0,1/17/2024 6:24,-1,1/17/2024 6:24,,1/17/2024 6:24,-2,No response,1/17/2024 6:24,Inactive,Active,0
482,1/17/2024 6:27,Off Mode,48.6,24.6,0,1/17/2024 6:26,0.000039,1/17/2024 6:26,0,1/17/2024 6:26,-1,1/17/2024 6:26,,1/17/2024 6:26,-2,No response,1/17/2024 6:26,Inactive,Active,0
483,1/17/2024 6:29,Off Mode,48.7,24.6,0,1/17/2024 6:28,0.000044,1/17/2024 6:28,0,1/17/2024 6:27,-1,1/17/2024 6:27,,1/17/2024 6:27,-2,No response,1/17/2024 6:28,Inactive,Active,0
484,1/17/2024 6:31,Off Mode,48.7,24.6,0,1/17/2024 6:29,0.000041,1/17/2024 6:29,0,1/17/2024 6:29,-1,1/17/2024 6:29,,1/17/2024 6:29,-2,No response,1/17/2024 6:29,Inactive,Active,0
485,1/17/2024 6:32,Off Mode,48.8,24.6,0,1/17/2024 6:31,0.000053,1/17/2024 6:31,0,1/17/2024 6:31,-1,1/17/2024 6:31,,1/17/2024 6:31,-2,No response,1/17/2024 6:31,Inactive,Active,0
486,1/17/2024 6:34,Off Mode,48.9,24.6,0,1/17/2024 6:33,0.000043,1/17/2024 6:33,0,1/17/2024 6:33,-1,1/17/2024 6:33,,1/17/2024 6:33,-2,No response,1/17/2024 6:33,Inactive,Active,0
487,1/17/2024 6:36,Off Mode,48.9,24.6,0,1/17/2024 6:35,0.00004,1/17/2024 6:35,0,1/17/2024 6:34,-1,1/17/2024 6:34,,1/17/2024 6:34,-2,No response,1/17/2024 6:34,Inactive,Active,0
488,1/17/2024 6:38,Off Mode,48.9,24.6,0,1/17/2024 6:36,0.000046,1/17/2024 6:36,0,1/17/2024 6:36,-1,1/17/2024 6:36,,1/17/2024 6:36,-2,No response,1/17/2024 6:36,Inactive,Active,0
489,1/17/2024 6:39,Off Mode,49,24.6,0,1/17/2024 6:38,0.000046,1/17/2024 6:38,0,1/17/2024 6:38,-1,1/17/2024 6:38,,1/17/2024 6:38,-2,No response,1/17/2024 6:38,Inactive,Active,0
490,1/17/2024 6:41,Off Mode,49,24.7,0,1/17/2024 6:40,0.000045,1/17/2024 6:40,0,1/17/2024 6:39,-1,1/17/2024 6:39,,1/17/2024 6:39,-2,No response,1/17/2024 6:40,Inactive,Active,0
491,1/17/2024 6:43,Off Mode,49,24.6,0,1/17/2024 6:41,0.000042,1/17/2024 6:41,0,1/17/2024 6:41,-1,1/17/2024 6:41,,1/17/2024 6:41,-2,No response,1/17/2024 6:41,Inactive,Active,0
492,1/17/2024 6:44,Off Mode,49,24.7,0,1/17/2024 6:43,0.000044,1/17/2024 6:43,0,1/17/2024 6:43,-1,1/17/2024 6:43,,1/17/2024 6:43,-2,No response,1/17/2024 6:43,Inactive,Active,0
493,1/17/2024 6:46,Off Mode,49.1,24.7,0,1/17/2024 6:45,0.00004,1/17/2024 6:45,0,1/17/2024 6:45,-1,1/17/2024 6:45,,1/17/2024 6:45,-2,No response,1/17/2024 6:45,Inactive,Active,0
494,1/17/2024 6:48,Off Mode,49.1,24.7,0,1/17/2024 6:47,0.000045,1/17/2024 6:47,0,1/17/2024 6:46,-1,1/17/2024 6:46,,1/17/2024 6:46,-2,No response,1/17/2024 6:47,Inactive,Active,0
495,1/17/2024 6:50,Off Mode,49.1,24.7,0,1/17/2024 6:48,0.000043,1/17/2024 6:48,0,1/17/2024 6:48,-1,1/17/2024 6:48,,1/17/2024 6:48,-2,No response,1/17/2024 6:48,Inactive,Active,0
496,1/17/2024 6:51,Off Mode,49.2,24.7,0,1/17/2024 6:50,0.000047,1/17/2024 6:50,0,1/17/2024 6:50,-1,1/17/2024 6:50,,1/17/2024 6:50,-2,No response,1/17/2024 6:50,Inactive,Active,0
497,1/17/2024 6:53,Off Mode,49.2,24.7,0,1/17/2024 6:52,0.000048,1/17/2024 6:52,0,1/17/2024 6:51,-1,1/17/2024 6:51,,1/17/2024 6:51,-2,No response,1/17/2024 6:52,Inactive,Active,0
498,1/17/2024 6:55,Off Mode,49.3,24.7,0,1/17/2024 6:53,0.000042,1/17/2024 6:53,0,1/17/2024 6:53,-1,1/17/2024 6:53,,1/17/2024 6:53,-2,No response,1/17/2024 6:53,Inactive,Active,0
499,1/17/2024 6:56,Off Mode,49.3,24.7,0,1/17/2024 6:55,0.00005,1/17/2024 6:55,0,1/17/2024 6:55,-1,1/17/2024 6:55,,1/17/2024 6:55,-2,No response,1/17/2024 6:55,Inactive,Active,0
500,1/17/2024 6:58,Off Mode,49.3,24.7,0,1/17/2024 6:57,0.000048,1/17/2024 6:57,0,1/17/2024 6:57,-1,1/17/2024 6:57,,1/17/2024 6:57,-2,No response,1/17/2024 6:57,Inactive,Active,0
501,1/17/2024 7:00,Off Mode,49.4,24.7,0,1/17/2024 6:59,0.000048,1/17/2024 6:59,0,1/17/2024 6:58,-1,1/17/2024 6:58,,1/17/2024 6:58,-2,No response,1/17/2024 6:59,Inactive,Active,0
502,1/17/2024 7:02,Off Mode,49.4,24.7,0,1/17/2024 7:00,0.000046,1/17/2024 7:00,0,1/17/2024 7:00,-1,1/17/2024 7:00,,1/17/2024 7:00,-2,No response,1/17/2024 7:00,Inactive,Active,0
503,1/17/2024 7:03,Off Mode,49.5,24.7,0,1/17/2024 7:02,0.000047,1/17/2024 7:02,0,1/17/2024 7:02,-1,1/17/2024 7:02,,1/17/2024 7:02,-2,No response,1/17/2024 7:02,Inactive,Active,0
504,1/17/2024 7:05,Off Mode,49.6,24.7,0,1/17/2024 7:04,0.000052,1/17/2024 7:04,0,1/17/2024 7:03,-1,1/17/2024 7:03,,1/17/2024 7:03,-2,No response,1/17/2024 7:04,Inactive,Active,0
505,1/17/2024 7:07,Off Mode,49.6,24.7,0,1/17/2024 7:06,0.000047,1/17/2024 7:06,0,1/17/2024 7:05,-1,1/17/2024 7:05,,1/17/2024 7:05,-2,No response,1/17/2024 7:05,Inactive,Active,0
506,1/17/2024 7:08,Off Mode,49.7,24.7,0,1/17/2024 7:07,0.000048,1/17/2024 7:07,0,1/17/2024 7:07,-1,1/17/2024 7:07,,1/17/2024 7:07,-2,No response,1/17/2024 7:07,Inactive,Active,0
507,1/17/2024 7:10,Off Mode,49.7,24.7,0,1/17/2024 7:09,0.000045,1/17/2024 7:09,0,1/17/2024 7:09,-1,1/17/2024 7:09,,1/17/2024 7:09,-2,No response,1/17/2024 7:09,Inactive,Active,0
508,1/17/2024 7:12,Off Mode,49.7,24.7,0,1/17/2024 7:11,0.000049,1/17/2024 7:11,0,1/17/2024 7:10,-1,1/17/2024 7:10,,1/17/2024 7:10,-2,No response,1/17/2024 7:11,Inactive,Active,0
509,1/17/2024 7:14,Off Mode,49.8,24.7,0,1/17/2024 7:12,0.000044,1/17/2024 7:12,0,1/17/2024 7:12,-1,1/17/2024 7:12,,1/17/2024 7:12,-2,No response,1/17/2024 7:12,Inactive,Active,0
510,1/17/2024 7:15,Off Mode,49.8,24.7,0,1/17/2024 7:14,0.000041,1/17/2024 7:14,0,1/17/2024 7:14,-1,1/17/2024 7:14,,1/17/2024 7:14,-2,No response,1/17/2024 7:14,Inactive,Active,0
511,1/17/2024 7:17,Off Mode,49.9,24.7,0,1/17/2024 7:16,0.000046,1/17/2024 7:16,0,1/17/2024 7:16,-1,1/17/2024 7:15,,1/17/2024 7:15,-2,No response,1/17/2024 7:16,Inactive,Active,0
512,1/17/2024 7:19,Off Mode,49.9,24.7,0,1/17/2024 7:18,0.000041,1/17/2024 7:18,0,1/17/2024 7:17,-1,1/17/2024 7:17,,1/17/2024 7:17,-2,No response,1/17/2024 7:17,Inactive,Active,0
513,1/17/2024 7:21,Off Mode,49.9,24.7,0,1/17/2024 7:19,0.000047,1/17/2024 7:19,0,1/17/2024 7:19,-1,1/17/2024 7:19,,1/17/2024 7:19,-2,No response,1/17/2024 7:19,Inactive,Active,0
514,1/17/2024 7:22,Off Mode,49.9,24.7,0,1/17/2024 7:21,0.000043,1/17/2024 7:21,0,1/17/2024 7:21,-1,1/17/2024 7:21,,1/17/2024 7:21,-2,No response,1/17/2024 7:21,Inactive,Active,0
515,1/17/2024 7:24,Off Mode,50,24.7,0,1/17/2024 7:23,0.00005,1/17/2024 7:23,0,1/17/2024 7:22,-1,1/17/2024 7:22,,1/17/2024 7:22,-2,No response,1/17/2024 7:23,Inactive,Active,0
